feature1,feature2,label
1.5175708084041681,0.4249173801570213,1
0.30426848234668524,0.99969088820447,0
0.48592382633624465,-0.22291315561750216,1
-0.933579410604361,-0.09357870398102341,0
0.6842102920800497,-0.43691154238102514,1
-0.12053799499510454,-0.3853063002947654,1
-0.5314292363317648,0.44572116766711256,0
1.5607873191990214,-0.3512794996235808,1
0.8826908234682432,0.8260118470950135,0
0.5875981135400562,-0.22086362703336546,1
1.2936185329844947,0.24683319095982303,0
0.31508640702045737,-0.3534532586379372,1
0.04658300667260684,0.12621211526538062,1
-0.044325151409187885,0.9804847344369289,0
0.6042905642700229,0.8989106251617376,0
0.6723807614562445,0.16150712030203518,0
-0.4249447622752207,0.818243179196419,0
1.219477267548887,-0.47713256073770943,0
2.071091254174471,-0.4376166121318077,1
2.227494419851723,-0.2579585038227356,1
-0.33779468840012655,0.5371490642412962,0
1.307412613423477,0.2050564145580368,1
1.9411936290333789,0.5086548127701243,1
0.2948913119688783,0.3906449969629312,1
2.0159515930454006,0.36970291724213133,1
1.672951981100609,0.28903838049670777,0
0.2146228689329341,0.28154855840016135,1
-0.662291091551457,0.4659528032106142,0
-0.6038829984768344,0.26304940244440334,0
1.4858738595976684,-0.25283259521896556,0
-0.3023996242137688,0.693174376384398,0
-1.0043210784450092,0.2707282058552134,0
-0.12961620152536701,1.1006981067093218,0
-0.4743259075977145,0.42135685652824395,0
-0.04176755591375443,0.5402925960196157,1
0.5118777463415902,0.6196263823990804,0
1.5168037457847496,-0.23094368283623376,1
0.2985447508188887,0.1219984050783921,1
-0.015083736367658807,0.29483575066287554,1
0.6456717852605621,0.7211676377572235,0
0.5960465165517645,-0.051875466654691615,0
2.4528275871435747,0.02142018686692887,1
0.4069040389388243,0.06386385821331408,0
-0.45733559541772684,0.5671434087939011,0
1.706356925739286,-0.17394274855870234,1
-1.058797592670441,1.1986984598190955,0
0.2709463022866215,0.902272459217802,0
-1.6905852505266827,1.026346142271898,0
0.5589969780400573,-0.27526155784242207,0
1.6413930628950935,0.2895732603674632,1
1.5173079725171394,-0.32560898346687744,1
0.891621645060296,0.9569900044016897,0
1.0726419772718314,-0.4035512997493653,1
0.8171366712924177,0.5996057435463585,0
-1.1864040620376923,0.19506036023279816,0
1.1806385956807763,-0.2547138867988226,1
-0.01635389380903879,-0.5252826013054537,1
1.6333263159964102,0.10252754441711737,1
0.43486024375277565,-0.512752652635143,1
0.1250171652394183,1.188871119173354,0
0.6220146658713341,-0.563919547949444,1
-0.3673017085938261,0.5560415538709702,0
1.4044691296240965,-0.8280966757719707,1
-0.1414984375897668,0.3196926958636867,1
1.5213899295608393,0.5944145287094021,1
1.8820253284696686,0.20574264892653318,1
-0.9321138094009416,0.44697002167087074,0
1.0768664454345032,-0.6280491545336553,1
0.9763818716955935,0.505009552036585,0
0.9753589264575798,-0.4870499848349147,1
0.6436927956917617,-0.688197664918778,1
-0.06256042968778047,1.4585097865669279,0
0.30409906083396515,-0.6543585490736247,1
-0.2011380900184677,0.5994764927614833,1
-0.8082614651513716,1.0685284279428429,0
0.3222600962840714,0.9352273864004518,0
1.1280808833548228,0.21801911941033836,1
-1.1421558658157085,0.7113298949843239,0
0.5919800553572807,1.0398465577356186,0
1.7884381863666374,-0.07525085315741076,1
0.9896940119455823,0.17118754025654373,0
-0.6127774665229366,1.095015753490703,0
0.7808875782055488,-0.9095950049501798,1
1.1471635631615535,0.28910504828408745,1
1.3253686562944142,0.16765338552985565,1
1.423205358485125,-0.6628629126694325,1
1.9774880466059066,0.39768495193260306,1
-0.04617796966936749,0.9366410811655529,0
0.45981304082593455,0.4686457741808577,0
1.2526102424780245,-0.7615192931597043,1
1.186969316168909,-0.7152487757509611,1
1.7308104969273057,-0.7174409991138126,1
0.8890141491046631,0.8634874227493392,0
-0.0034875164671499537,0.9162141013212121,0
2.3036168350635307,-0.21670542473370036,1
2.3685822333037034,0.12706803156882177,1
-0.6701111936840134,0.8719081433550441,0
0.4241428610250465,-0.14609525632061593,1
1.1694885602233787,-0.7761711737915566,1
2.0280310123802487,-0.13633043525400224,1
-0.999496825642358,-0.013112723010586469,0
-1.2204809793394031,0.3896952573475988,0
0.5472852572858584,1.1582656087539918,0
0.2762264045590695,-0.5131386417887146,1
1.0945319217557439,0.7253179912551604,0
-0.23383863908826885,0.48647074662856166,0
-0.3123219366670335,0.8363220336936125,0
0.7331354657510818,0.6751262680104219,0
-0.13106466017504598,1.226164372658143,0
-0.37528134552793013,0.5908543674238651,0
-1.3046420267621583,0.8095237833429517,0
0.41853390061513934,-1.1139951307878637,1
0.12487409102060845,1.1193225599479684,1
1.7879288059783576,0.13811849806883042,1
-0.7039029592745912,0.6554301945264382,0
0.6368783630594317,0.845423274223112,0
0.1322188321923754,0.2782356269664956,1
-1.1970863896882675,0.37928480672416354,0
0.3949055789892043,0.6676136652831738,0
1.4866697738840113,-0.7150077671311746,1
1.8624472151424591,-0.02302041097484017,1
0.33217014212977053,0.529440598434913,1
0.04857149370282386,0.41515683935924946,1
0.43435745800577147,1.1671935188638591,0
0.3317942378975831,0.550887535675781,0
0.8261755990435996,-0.5808948009598939,1
-0.07144723144455645,0.9376835371097905,0
-0.9205279445516953,0.5068313390013033,0
0.15744997283764728,0.07559850256995926,1
0.42694064455203234,0.32052135726682185,0
1.6631534389669018,0.1295706924257433,1
1.5596114619801362,0.29402906000353257,1
-0.2361114519472085,1.0843126803777334,0
-0.15666960530108948,1.4429178127618234,0
-0.7695609326371191,0.47951315809319406,0
0.05195994056424874,-0.23593434188513188,1
1.881367140026662,0.4851333730860254,1
2.004798172237397,0.20959484277047682,1
1.7181031979547234,0.047622719095158306,1
1.4243507480079425,-0.9356936440261696,1
-0.3196202749907451,-0.052590460268991335,1
0.16157921973385242,0.7530729545392824,0
1.1489660921821918,-0.9066195350584446,1
-0.7461810235951455,0.6453707602972611,0
1.034650958590839,-1.2555256227766813,1
-0.2596408302087485,1.1129449321547764,0
-0.9106441819513866,0.9392807589425245,0
0.3091654073793676,-0.05358619169272211,1
0.7792293232557161,0.3769761914798727,0
1.2886089515821244,0.3209165229021589,0
1.5737270308153355,-0.593227572945692,1
-1.1206484064775963,-0.10885105007951243,0
-0.41303923614012783,1.4460181815224105,0
-0.2589511855088031,-0.5150540194923425,1
1.0104108400397664,0.7594990784532495,0
0.7105066687901607,0.7238726544628156,0
-0.3522350242935487,1.5331518745316974,0
1.7223190391238765,-0.5011833137506368,1
0.3876141031758355,0.7840075714143532,0
1.650228123406461,-0.3141805093400686,1
-0.12033145880176893,1.3281209391988011,0
-0.8587730683745626,0.2698839575805345,0
1.07981679067096,0.1327886336165842,0
0.7340866529924273,0.04778453742534685,1
1.8825024624675357,0.4299460615791762,1
0.48445568393786254,-0.7852591395586197,1
2.018434965570846,-0.4498145221893738,1
-0.03820178136246205,-0.028669263220075986,1
1.1435283516779857,0.8315952467666996,0
2.0442693443601807,-0.3935944397532106,1
-0.35618070110533023,0.5819247007763961,1
-0.6317808147954922,0.7696168040193038,0
2.386609522865897,0.5133859509239813,1
2.0113097980053762,0.6645535667528373,1
0.0816748894935401,1.2398733486714966,0
0.4927966539118935,-0.2709514540743341,1
-0.3175157955958195,0.7830143319294444,0
0.6945181123957418,-0.06252058181583703,1
-1.033214850136088,0.13128367240146616,0
1.1479571423460069,-0.9770992512214047,1
0.9752798276966083,-0.5980167045721037,1
-0.8483476006537444,0.5402701779715408,0
1.934555785454792,0.20576494140157234,1
0.4458108564840376,-0.2581196287769548,1
-0.8733264505908686,0.652540071241198,0
-0.6942259421895927,1.2671067146924022,0
2.1468919926097967,0.692164477731827,1
1.6796808230171882,-0.02477911798755622,1
0.22756188582996567,-0.45162704260519104,1
0.3599601375370949,-0.34539299119119526,1
-0.4753677228565696,1.1244073391863232,0
1.0321596448201722,0.7570537782735428,0
0.7373665608182954,0.07590582672342039,1
0.8197734462749241,1.4447132950597323,0
1.1578041740006428,-0.37474577585052904,0
0.3436569932031985,1.107402104605201,0
0.44094747566908127,0.3777246098966166,1
-0.9407440100909688,0.07023353957009482,0
-0.6343498064442862,0.5653464388442975,0
0.9870898843637352,-0.3103405737269771,1
2.422272966561176,0.22955273035550658,1
-0.44200403467772786,1.129910403416379,0
1.214614247292742,0.33466168916606376,0
-0.67937210883486,0.773474464993076,0
0.030177577186204507,1.1585544769693084,0
0.6985981602389415,0.8040540689867746,0
0.6473798234448416,-0.6275004007955775,1
0.7221711057161124,-0.48100293722952886,1
0.5376505074086948,0.18328420284791397,1
1.064790818648542,0.35204316148251397,0
1.3178454928515606,-0.6971395173385725,1
0.5227417535902983,0.57560017249586,0
0.44911230998635837,1.5562443531331072,0
0.6609922436749043,0.6127319672207532,0
-0.12946889459083827,1.407690983405406,0
2.4539388844038554,0.31300089110713647,1
0.39859891568685674,0.2601338725538881,1
0.6752681057301745,0.731777661043754,0
0.014118695777123713,0.9647097110920689,0
0.2313547020027336,-0.3324342928474042,1
-0.7676343361148347,0.501879703316244,0
0.8425051639221088,1.0213347838169493,0
-0.5899171101920537,0.9108129454522342,0
-0.1275659999551176,-0.4689946270626638,1
1.8089514158563416,-0.08865789886805567,1
2.433216261806097,0.4862560533396714,1
-0.09965196848990612,1.534440705033465,0
1.3172694001979313,0.48394537242945357,0
1.3990254816641983,-0.6721045540258217,1
0.2140547879915747,1.2720919585051191,0
2.5470330653024407,0.772318413448592,1
0.623417235041699,0.30207168076640845,0
1.5665731576305928,-0.8820609474021669,1
1.089088551765966,-0.5442498717573474,1
1.6401965402771856,-0.6041810970318445,1
0.6238292353692858,0.7229896608260461,0
-0.3473725392556129,-0.44648458846000394,1
-0.9479470923010992,0.873695622326592,0
1.0453682329560468,-0.5286345496741653,1
-0.3450133206398401,1.1270344135182218,0
-0.9925888260728845,0.8114047888704249,0
1.3599605364451144,-0.12341612643209249,1
-0.15082303880214679,0.9315775618304305,0
-1.2209321438641592,0.04024508406026428,0
0.6063395116166513,-0.33525772054900993,1
1.2093915251915177,0.11285943392223524,0
-0.41266319706025106,0.42816441997110277,0
1.974642573431637,0.08209574501875494,1
-1.5522434164213126,0.8303881856737079,0
0.6597763531153648,-0.4120264057381951,1
0.020176329110336094,0.6422031474724887,1
0.10545650647466082,0.6599850511619396,0
0.2873201123462228,-0.1856028883396436,1
0.1524898511227572,0.5909481736412218,0
0.9016704033068927,-0.48189419695962127,1
-0.45685437879714186,0.6157471103728991,1
-0.44026969414699235,0.7324484413775245,0
-0.3039153537070006,1.275956494288469,0
1.6442485143843397,0.203213016378889,1
0.4562490457886993,-0.032260014523000174,1
1.0229995268410683,0.13272883365359045,0
1.7136750326849388,0.2526250113054463,1
0.6732992087882468,-0.7759433071962143,0
1.2486224481191388,-0.22187413681450913,1
-0.7034997978023664,0.09349062475477948,1
1.3810293660572293,0.1365017236934699,1
0.4564418571202959,0.674524975780828,0
0.8166071940547204,0.9029008536608758,0
0.6092719005448651,0.35613901863882164,0
-0.1309655557673212,0.04810093095367296,1
0.6234675691726544,0.07682383394883263,1
2.0915438490746237,0.3207037855298742,1
-0.07339253473390103,0.5309426291577518,0
1.646526590222696,-0.44768133868114907,1
1.9401454116575252,1.351214804982099,1
2.0828642302516487,0.15836977084621434,1
-0.4684494567403365,1.2847629534687854,0
0.24466039315705576,0.5460718454524762,0
1.249041595597056,-0.7000859933239281,1
1.3360585508816543,0.9571153956412157,0
1.842354001654224,0.669016767775443,1
0.912075930847759,-0.23828825495327338,1
-0.2535455061270737,0.6630590052987515,0
0.44284893742847764,-0.12237704418550582,1
0.3150944404852227,-0.4325077254354648,1
0.696300093509189,0.31155652648153065,0
1.2108593561341445,0.48560324268138727,0
1.6219355907559196,0.13488159919199727,1
0.9498728669644523,0.36326630375100255,0
0.5542960547171243,0.6161870729759291,0
0.29267668574077954,0.03679570723587,1
1.6460302505036262,0.3197862366073132,1
0.9662858731552173,-0.38047404015855846,1
1.404764241987924,-0.5440187147393724,1
-0.18224404104758926,0.870266271682941,0
0.5961000873513763,1.2333498593876142,0
0.6880409388378714,0.4830049002636329,0
2.0318798056270198,-0.3064947707960484,1
1.2271007547986823,-0.18642615191965453,1
0.615121730128782,0.9672614617490716,0
-0.5532900519498777,0.8159030720288251,0
1.223761189846126,0.40075128075209354,0
1.8944493774868394,0.13189310702674328,1
0.6168254841759769,-0.7407934021657013,1
-0.28746175061925333,0.5388359450809825,0
2.3336681215742088,0.7074612611098432,1
0.44386846814534137,-0.14708265427729292,1
0.5834879296979956,-0.3504388543034972,1
-1.2521633199552065,0.29104853575337886,0
0.6418411444467338,0.45050605286609535,0
-0.09871691962688811,0.2780667762878801,1
1.4402697044252362,-0.5124301487783742,1
0.42429793932458915,-0.3019646705226532,1
-0.7355219730837588,-0.32525643250835456,0
0.0726011720669202,0.8205821893053973,1
-0.34568228941728346,0.7956370686013721,0
1.3123148963470153,-0.43354175887490953,1
1.3158682997777937,-0.3307990999033872,1
2.018926089812373,0.2729351664492715,1
1.3520311980768835,-0.5457835771415656,1
1.192214460747644,0.7078919184412182,0
1.5136538106053863,-0.625245225041966,1
1.1957814252873524,0.4679652066052451,0
-0.07244279315384383,1.0692996446313885,0
-1.1601979629044985,0.0011388733918700454,0
-0.07405407849622572,1.0419576569459281,0
2.185150379167201,0.13567939286479416,1
-0.17772509310331394,0.8655360949964062,0
1.5857292571425345,-0.24675504425593828,1
-1.0047600971712587,1.0154597238307717,0
0.03140890219035869,1.223773520237903,0
-0.1463539460217626,1.517988680596578,0
0.9911050341989199,-0.6031031971067274,1
-0.09219840498084796,0.9053089758482719,0
0.715274794143705,0.394934813285453,0
1.3609332657797701,-0.5562889439578613,1
0.6898169344203463,1.4276226112197432,0
0.804153045851695,0.49886246111380284,0
0.08681678396503462,0.49181080236822544,1
1.4393839709826153,-0.12495518322878657,1
1.0604137186096672,-0.32235280372120645,1
0.6438962320104417,1.1098849911108863,0
1.1438051380290823,0.4060327591920998,1
-1.0614608541430353,-0.0478287764693307,0
0.01699095229139458,1.402755562118319,0
1.2695763826374635,-0.16460939313922995,1
0.9366930088049079,1.285980008773498,0
2.469874654685703,0.5134963143839998,1
1.0556438343465913,-0.9800446413982198,1
-1.0716389320280153,-0.18698248496823655,0
1.503635304366468,0.47020197448610135,0
0.09196657161953886,1.1639316846826626,0
0.7413754607913233,0.04613480289259242,1
1.1537473693583378,-0.3818470041385862,1
0.7033787312970115,-0.0187774890634419,0
-0.49135114828821325,0.9403334355686531,0
1.670506751377652,-0.3086619281252799,1
1.2756980934441726,-0.2414255952713917,1
0.17572741001039072,-0.19987223818962857,1
0.1892441144674145,-0.4867744279102852,1
-0.047179831079347645,0.7733136380816524,0
0.6011892728122187,1.2649986920928744,0
-1.35036884617281,0.6504170773114049,0
0.7715628892359194,0.7743342775771596,0
-0.3550933922871028,0.6823712603579006,0
-0.006211104507518717,0.7571786089980576,0
1.9448859919725752,-0.27655713160688067,1
1.1000097549049228,0.830016455768416,0
-0.028505128107693428,-0.5321900772842189,1
0.12912297198087386,0.2670617588439624,0
1.2165078228695447,-0.3380404916004516,1
1.3416258874249145,0.19043573472246367,1
0.8329669803692532,0.25317983653323217,0
2.163015191853397,0.035236469482931576,1
1.2062440383393402,-0.7253471799400751,1
0.5528216881622213,-0.6958739504949026,1
-0.0020551184269919573,0.7019665138927911,0
1.6825790038268331,-0.16888330408991573,1
1.8953497457167607,0.0348075048691798,1
0.8645744415453261,-0.34996339205180504,1
0.5489823463286909,-0.06901525373093259,1
-0.9681888522290677,0.3506284206780451,0
0.4537759097176065,1.0404125298988474,0
1.807567850092871,-0.2670364836328457,1
0.6581262461585276,-0.37896523589495845,1
-1.0822513900590696,0.706126838619823,0
-0.07125295041465449,0.9356853148563844,0
0.747686368869945,-1.0414425890107841,1
-0.5140146860099392,0.9648281696097726,0
1.1437244133322237,-0.8037062728118,1
2.1557686757789893,-0.3905160595069075,1
1.7688938569856572,-0.25017067002126325,1
-0.04815849498692926,1.521920657436347,0
-1.0211231694660305,1.0243372004179911,0
0.19189397310243178,0.7929342947669459,0
-0.5765497957154143,0.031703510991673484,0
0.45961222663587853,-0.20092603395212494,1
1.6436582268628008,0.013714390825745881,1
0.9196999130651968,0.2071157341302241,0
0.27989564366021763,0.49502733159472195,0
-0.685488056991602,0.43534405941657783,0
0.4011618377743015,0.5618528040974055,0
-1.1757358845757309,0.4718283341507623,0
-0.661470027047406,1.0561943412796115,0
0.640502999787885,1.3876159264731363,0
-0.13313725799999765,0.17310256856003542,1
1.4949635976511608,0.2550942478434067,1
0.6999234424303511,1.3965498713795033,0
-0.36791238767349926,0.2531316776593472,1
0.26362650607346094,-0.10104874283789883,1
-0.5176114145840766,1.0887396235863525,0
-0.8191897956449511,0.7316123862206197,0
1.8966315058902494,-0.17857531041197133,1
-1.1143279048115893,0.14850219469490225,0
0.9486683273027716,0.1104225233569208,0
0.635557948488779,0.02160463883592617,1
0.8545174722511053,0.6387295461643006,0
1.1962527359150865,0.05954908086074642,0
1.1642685812998783,0.6940890548657014,0
1.7556264620778181,0.01840582417590353,1
-0.9270736836428506,0.5520464301489645,0
0.14454344371900524,0.9073316838889769,0
1.0921549880418584,0.2654217603957737,1
-0.09839910460197376,1.107336198481608,0
0.12506074646197685,-0.6051546014545252,1
1.5741580512378202,-0.27200235701717446,1
0.39873486130222907,-0.47624992155695545,1
-0.5334825638986447,0.3823529335095915,1
-0.3216449042844151,0.5529067544488778,1
1.103283523202896,-0.6306252687828529,1
-0.5300006558255687,0.8876050141919695,0
1.513219087971958,0.10437851847047386,1
0.026435816488799502,-0.14744409253397248,1
-0.4203654860001651,0.9279898880619484,0
2.784593249642966,-0.08258638735416979,1
2.0735072993713484,0.5680420396090425,1
0.4106620523210181,0.1261086235572874,1
-0.9066158361040737,-0.07348246820415534,0
0.39453646168561096,0.8465319577055902,0
1.2226281643978343,-0.6102292372750711,1
0.311496426731669,0.971349110616683,0
1.1610050116865958,0.552347969018162,0
0.26664269188843026,-0.10092284916691896,1
-0.6240617108027497,0.7397414039591662,0
0.8008622421650408,-0.08745966631268104,1
-0.8789608556167735,1.9125263123683744,0
-0.6823474216191021,0.10784187367945958,0
0.7728525298193877,-0.3918890164903891,1
-0.44836257666167384,0.9900185352899462,0
0.4781556998616423,-0.19833779438382257,1
0.8440932961005545,0.3836383689662729,0
0.508251013206327,-0.061130016485825334,1
1.1780472380029419,-0.8758271570832162,0
0.4287081827876287,-0.08195456825739349,1
1.911979561705597,-0.014078586010579167,1
1.7130064126285363,-0.1424539667684277,1
0.2517081326898618,0.9974205868151734,0
1.4581355331057968,-0.5757396892665472,1
0.9265158669801513,-0.23470162900298308,1
0.3378023999049271,1.1525797371056443,0
0.8899246403648717,0.895045182836431,0
0.18624052076586464,1.05510238232386,0
-0.4484027823710872,0.9514993977044699,0
0.35750954710347504,0.6716209547196076,1
0.2945453452403914,1.303000810792435,0
0.6503544154128008,0.4881838431296394,0
0.7882916495895815,0.32340808205169264,0
-1.1848053598340624,0.14421105216118218,0
0.4820505853637752,0.6018173472490104,0
-1.5453071652555612,0.2762041983943897,0
0.17091200498115708,0.7402223711471593,0
-0.10105702601573816,1.2355771750167164,0
-1.32290269735861,0.31278503797832613,0
0.11331694235464282,-0.5367836578934582,1
1.7758249747089339,-0.40802396282252773,1
-0.036913249197034766,0.39794025688265544,0
-0.3470056883402193,0.4714026539301807,0
0.28059380358018066,1.0481140500821964,0
1.0617610041487746,0.3642256322692581,0
0.004641277061285698,-0.4408315026129958,1
2.4006231222013636,0.3621824055979578,1
0.9203000168106166,-0.6372715714133976,1
0.9486874254251255,0.41559861897516376,0
0.4115848314474605,1.1148712386439006,0
0.9657209517056995,0.3920267061195113,1
0.5486650483619463,-0.474985269311059,1
-0.6346681558056765,0.24829981411675606,0
0.35286287668564775,0.7048434071687999,0
-1.1309918037185445,0.2732612264861993,0
0.11736013316162369,1.2676744896571956,0
1.2045889540249097,-0.4816510537554458,1
0.13377715537118642,1.0192382598608538,0
2.1712585106735127,-0.14318563731643807,1
-0.29946107368656105,0.9036639108495859,0
-1.1169566196026743,0.4551879788511484,0
-0.8841142975967976,0.9335479735547212,0
0.6426598137899664,-0.34181707711305487,1
0.5390585827364887,0.9176751582048307,0
1.4694814755226309,-0.466837831433561,1
-0.49461155872073476,0.6438732570823535,0
0.950008149416604,-0.27195907475756964,1
0.2748953161644665,1.2662560113059504,0
-0.6908194025839756,0.5676641580095709,0
0.6860550994097573,-0.3810345284880802,1
1.1463612639258338,-0.5382219550796963,1
2.1669832222730903,0.6735986777748073,1
0.9000212883852242,-0.6333649377266917,1
0.8407931257048974,0.7219644962269244,0
1.5496804224739322,-0.3733310927446639,1
-0.04122522576843329,-0.3484082615762953,1
0.7080277084539144,0.46516740463863177,0
0.47122642652642766,1.2302885642536672,0
-0.09417450634387671,1.071498488636808,0
1.0502923156469206,-0.8323079339036624,1
2.2378534432325066,0.10004144973659178,1
1.6597518221288543,-0.7101960365644026,1
-1.3569199027368475,0.6997776438523862,0
0.7688632105384227,0.4841972612535457,0
0.8941376752817896,-0.15027829161574724,1
-0.3511129535949113,0.8860844206054301,1
1.4228869739220364,-0.02934964124207015,1
0.29460472106078367,1.1004133607149083,0
1.3449136946497116,-0.41010769976091904,1
-0.6293065586667718,0.466397958121157,0
-0.44781757123161936,0.5883384718041339,0
-0.8346244177209835,0.3444827973039858,0
-0.8268449265490687,0.9409998294912175,0
1.221058736162599,1.1029747740370084,0
-0.8907840536420057,0.3867124830314769,0
0.3024180240678975,-0.04574515774186555,1
-0.3409031801471455,0.6714979962355673,1
2.1861895765271333,0.4787245074207005,1
1.130430373432316,0.05303856666050264,0
-0.4053425784432855,0.9720925440348572,0
-1.0581395188114335,0.13424348773771352,0
2.028579665839007,0.9018527554040741,1
0.8542912434642786,-0.9143794601644682,1
-0.9053465735578985,0.31259614722397794,0
0.16028322162158454,1.0673063168624892,0
1.930647049719081,0.8778299869858399,1
0.3302219832673374,0.33719897010776556,0
0.17161988713798673,-0.5964028824096763,1
-0.03783589579673283,0.8263415669542364,1
0.08992839859042545,0.1688036055478012,1
0.2520138988341826,-0.613965395366206,1
-1.112553969414627,-0.09216979681913352,0
-0.2714472142080369,0.9221200457783363,0
1.4203430277500597,-0.0831749517395872,1
2.109681209926725,0.5627818282635496,1
2.3215430485999082,-0.335513857677681,1
-0.4539365233588275,0.6002818812733014,0
0.9206652397737694,0.27471949234048454,0
0.9473803897345863,0.7361379843753321,0
-0.05072908290530673,0.24819756100744983,1
0.6994390026788802,0.9391666607399214,0
-0.22984580056377119,-0.10878618713689663,1
2.24866417705438,-0.26501424148759944,1
1.8082264387043596,-0.10859471943073445,1
0.8898029141449106,0.7420275928037958,0
0.6975968447642489,0.027524472909190134,1
-0.41932538324557517,0.9199733970974224,0
1.8694421730305624,0.6168515160480056,1
-1.411373921068298,0.50127301360625,0
-0.11466320696846866,0.2829866675997031,0
-0.3101013567258464,0.7316210774896217,0
0.1828121047453824,0.1785412923669541,1
1.7873687655574366,0.44645450023651734,1
-0.28544014884512325,0.5053063207002477,0
0.22268902490251155,-0.004074801486579349,1
0.6875451551306806,0.3662132920016858,0
0.8157922292927735,-0.1703629948465904,1
0.24777179765553486,-0.2529588168709485,1
0.12760357013036044,-0.18623888976099123,1
1.134563465767315,-0.6271231934473089,1
-0.08286781541737454,1.0780716271668827,0
-0.10823868598160427,0.2679441294297454,1
0.6094771671280431,0.9256833840401272,0
0.15761534957235734,-0.372456877505214,1
2.1305596243590252,0.025153234765354478,1
1.804693660589194,0.8649490187627826,1
1.352046821831019,-0.6773976090944442,1
1.3538391075156682,0.39609211639660397,1
0.6551265448964532,-0.2530365737423679,1
-0.03235977350035846,1.0971683130148753,0
-1.3565899365261773,0.3353221498451877,0
0.29710469162748065,0.6699849089202575,0
0.36974121083799655,-0.15537429085222057,1
1.4847778673428842,-0.2161817785565387,1
1.1568088848948235,0.35658649745022764,0
1.243062231119528,0.6836793177787547,0
1.632305987064471,-0.33095294073499454,1
-0.6714058709872023,1.0652796010099692,0
1.9462687606616818,0.7781500358223348,1
0.20642614113240482,-0.4372634479646625,1
1.406253480254077,-0.014224603150726559,1
1.1596988573526024,0.32257064209614617,0
0.3892862053843493,-0.4256645164286682,1
2.121892763025916,0.4864764464819246,1
-0.6023102130331777,-0.09070023315227432,0
-0.7799128510364267,0.5360439249013687,0
-1.4050524015881274,0.5863334756921138,0
-0.3864571931817913,0.9474894075217399,0
-0.07553568076517884,0.8375275569455445,0
0.05815404838864535,-0.16331320164045843,1
0.24907155905711137,-0.7310560382481522,1
0.7424120843346337,-0.7318304849562007,1
0.3253502838918694,0.15383025113869767,1
0.3024193555361412,-0.6869655218803066,1
0.9803166713072078,0.48860096686655863,0
1.1834206898558328,-0.3078687217592836,1
0.25103947011321714,0.24624666302867534,1
-0.48407991926644556,1.3791187413940038,0
-0.4562153967350113,0.5027993481721065,0
0.904818626911346,-0.7351594033757982,1
1.1699190587914399,-0.25120782829981914,1
1.3972247393870174,-0.04190093135270473,1
0.20303609989967325,-0.07638212070824135,1
0.565951731848693,-0.4612724280241919,1
-0.9365917753303306,0.6454120524534102,0
-0.35700488064892744,1.2273014221208904,0
1.7169937808837061,-0.3998256945719343,1
0.3591684464398076,0.16787754137122401,1
-0.8416553262855934,1.205119319956069,0
-0.26856249707237156,1.0906184322569215,0
2.199534995755399,0.6044645992581089,1
1.4531297177903888,-0.6646752553451934,1
0.5911978910755515,-0.8004939604113055,1
0.1323447971004464,0.7022387601345136,1
0.15777122946747732,1.5021388242681875,0
0.46334433120843427,-0.14424421227806394,1
0.3164810560544741,0.6489028867155696,0
2.095127014495832,0.2919363102556439,1
0.3422500513363435,0.8811393521116139,0
-0.39612566006885386,0.05382786926334203,1
1.0041266596869571,0.8484414781946489,0
-0.011047202890789198,1.001846201207448,0
1.9171927927492387,-0.10138266432601578,1
2.0416637125523738,0.07153902893269967,1
0.9411982327413547,0.4506390681939429,0
0.004599910350975622,-0.10782888574132937,1
1.045459646175395,-0.7407884685104429,1
1.1914558112278169,0.06378134389691219,0
-0.08386607586366435,1.1008086133731785,0
2.197939162327567,-0.029002522096333916,1
2.268222705427718,0.15219754699772126,1
1.7281442448660662,-0.0012268244289038652,1
-0.11667555872518814,1.0318712212580896,0
-0.3261066457551986,0.5940493412052401,0
-0.32508206895966,0.3378971938125881,1
-0.11725316598646232,0.5887212791673817,1
1.2353393271234672,-0.9304234941581581,1
-0.11299308630303723,0.2425234887064393,1
0.06387167848186937,-0.12169599162625935,1
0.12307642513551126,0.2703950227266668,1
1.6280424160472884,-0.02161696577137323,1
0.8240060217664482,-0.035193092042944574,0
0.16718788990817882,-0.12735291517108727,1
1.71069431869929,0.19398742074701963,1
0.0324387988129711,0.9829020911233644,0
-0.032602104572672166,0.7715503657946607,0
0.8986127326717687,-0.025291881895366186,0
-0.6982531784595671,0.5716713108292144,0
-0.5522547079338113,0.1645716927584847,1
-0.08194556951805831,0.7352085505065348,0
-0.020875790844447895,-0.025964588596199822,1
1.282113427875598,-0.6305763231495325,1
1.0274929006166866,0.28189981152296334,0
1.3131312831778443,-0.295168438270983,1
0.34684982024522903,0.7781710470829292,0
1.5018576236520342,0.42100562032157146,0
-1.0874677036240021,0.9654136488465357,0
1.4108698267907238,-0.8303594100731814,1
-0.7188535569000488,0.7255104448403723,0
-1.2592833267057928,0.11069871269104975,0
0.45722756471856657,1.0698399838811672,0
0.19531344399811035,1.1017305401419129,0
1.0559248230571268,-0.8960620105314712,1
0.9338139163209632,1.1357800396147364,0
-1.055983637782274,0.14665184284339103,0
1.539698747188588,0.6102643247829684,1
0.769770241436592,-0.43436413359996245,1
0.440868349996769,-0.04339302993810827,1
-0.43280990325732926,0.49245223706677144,0
1.6464977801349074,-0.30917802937584277,1
1.6596942569734834,-0.4167211956076768,1
1.3537484850839783,-0.17164297995775357,1
1.1767911498451622,-0.9334176049047804,1
1.6456519871197872,-0.07824346327637433,1
0.319498420191764,-0.24925439316569264,1
1.304918406856898,-0.31103050622258827,1
0.6045178022295769,0.7861152557984493,0
-0.055291073849239036,0.7765338104847324,0
-1.03480382263307,0.4004392605845135,0
0.017039972726009094,0.015080282382992388,1
0.4345435581362047,0.3082169358476664,1
1.239317553214771,-0.3387583534314226,1
0.9989519932095781,0.6699188700218337,0
0.4931340311958056,-0.12540997440488547,1
-0.4550034157777476,0.42894259595584266,0
1.2243982794101906,0.5333498673145439,0
1.7052130337153453,0.1546286622200486,1
2.191658033397813,0.2744073419610966,1
0.4551472134754433,1.7002436950548279,0
1.623067457429931,-0.42651830889924713,1
1.0767614890291712,0.3854695718596921,0
0.9354571764396011,-0.06401067547940376,1
-0.8376903248275855,1.1077696374328014,0
-0.7114107954066883,1.3640280717749915,0
1.365816656121735,0.41037845033802156,0
0.7726557812482534,0.6057998787882244,0
-1.1147105208156602,0.03981170861338645,0
0.25383611133155354,-0.7330283321284854,1
-1.004151323828271,-0.20691833221925204,0
0.7060560212117892,0.9533743130222232,0
-1.1510212863001672,0.8770625319512146,0
-0.3614416062854729,0.8767245518735708,0
1.4231335288602054,-0.3805301985519606,1
1.1695822484282423,0.3470304473436507,0
0.13886607646816834,0.7875307319180511,0
0.20193179207644862,-0.6289414711034935,1
1.5092712720297565,1.1543943418669533,0
0.8542560509414092,-0.8624594353384257,1
0.3675187146105249,1.1390072858879243,0
1.1945357120214624,-0.5760405132878733,1
0.42208370716622295,-0.24312144005224295,1
-0.4823799933959701,0.19547971611497028,0
0.926312029121541,-0.15808941190979145,0
-0.9302734416414412,1.0800545075845154,0
-0.5337468192539767,0.6709738916061708,0
-0.7233359347879427,0.16052940521980505,0
0.9079998607135655,0.8053693459029179,0
-0.21679255216028903,0.21286711575529593,0
0.6610309007655323,0.5768955523124644,0
-0.022457089075241687,0.7063497858516784,0
-0.06382245662531466,0.0664994919340376,1
-0.29681971310302635,1.0832574672565312,0
0.8706469747058514,-0.45320379835773306,1
-0.041383605668593976,-0.4375262593401957,1
0.412951581700325,0.7857841420460226,0
0.33193517986450005,1.048104054488483,0
0.48175432460419676,0.2765545244337933,0
0.7425382790886415,0.3006738508974345,1
-0.051040334387339514,0.34133118404088314,0
1.5274185598492827,0.3749438226401214,0
0.7281412377505128,0.31076354765066727,0
-0.6918270213408135,0.9961102974294144,0
0.9818837919233409,0.7456415781940093,0
-1.060011959822373,0.680458846860743,0
-0.008229999579864977,-0.10618779046089384,1
-0.07725104504266228,-0.2107242169488712,1
0.39942509540577437,-0.2580207998303322,1
0.4526042163018648,-0.1637544328248445,1
1.4104367498034247,-0.8515434261860768,1
-0.09147536244962053,0.984937378716074,0
2.5253714551718636,-0.5071490346191151,1
1.2849600167072874,0.8327053924418646,0
0.0950938639450795,0.8803210406383988,1
1.8314082034458223,-0.0774580474403442,1
-1.0040874762164431,0.5205537166218048,0
0.7833789756727731,-0.5257737849540901,1
0.971239048629335,-0.49110992204730153,1
-0.3295166455117603,0.9769289936544978,0
0.835419041601308,0.7485464118704923,0
0.6407040340918038,-0.4206620064536472,1
2.2470178188167202,-0.2964043245738389,1
-0.1696738195497323,0.4067953435552842,1
2.356421175470585,0.267623341272629,1
0.2541029907150508,-0.29721228400586336,1
-0.5044070959597673,0.5925896426277051,0
0.1783790680755051,-0.3284304006854726,1
0.5405326945930607,0.030269051847825468,0
0.7773122561996979,0.011758612218489228,1
0.21757130152756662,-0.05044763406501229,1
0.8625826765937651,-0.4989898143475276,1
0.7356987195774207,1.0316440289311177,0
-0.018804571984043367,1.0040979663051846,0
2.087165994552459,0.62444165241254,1
0.6977972180087653,-0.12133982464303184,1
0.5916190150641423,1.2472193996644154,0
0.33975221031356845,0.7178844779223585,0
-0.0625604419993871,1.0846758824395213,0
0.2631665597006122,0.774368216660501,0
-0.11863141526662647,1.1171683737134839,0
-0.9388350975710492,0.15624589207734763,0
1.3523209884849758,0.8604191680306821,0
0.6381382966210972,-0.1255688856493012,1
-0.6826136488385703,1.047267142280552,0
-0.2995418711921286,0.47354245374250453,0
-0.07748011504067076,-0.26339275267262596,1
-1.315986968604678,-0.08816346781816944,0
0.6444853827832243,-0.8913541374112801,1
1.8822617119274585,0.2912459898471842,1
-1.2431527755464038,0.6955705605902669,0
0.17947234222011163,0.5816194108111348,1
0.3998082255471452,1.0584807608750284,0
-1.3222002372584087,0.3706644140831921,0
0.17232861779622066,1.1586550528789554,0
0.06540322564422929,-0.5817681379067142,1
0.32846478439845395,-0.31014995389858097,1
0.5147344842624694,0.5165705634672112,0
-0.5523408590503236,0.22107704057540561,0
0.21669492122599823,0.37239834151829776,1
0.7369468050268699,0.498837765609789,0
1.0006525638325354,0.2242970021375072,0
1.6973544808342629,-0.10136632534051526,1
-0.769648452190986,0.015506305308871371,0
0.4675396141287231,0.8194836912951926,0
1.5619639844835858,-0.5242504134578055,1
-0.6417579251406267,1.0593433117450284,0
-0.7314977777663783,0.6495996415389508,0
1.678411374345545,-0.8038518093483542,1
1.01871184747078,0.7946827867495037,0
0.6714117176161938,-0.5729460163726491,1
0.8928473235235087,0.3858285770519155,0
2.0970691522914926,0.8508725629836851,1
0.8409585852649041,-0.7689706587072347,1
1.9915521157869496,0.3053117340230024,1
1.3481881265318223,-0.14538692714737006,1
0.7613473575981677,0.26815664147187807,1
0.7461041267479497,-0.13091186315540287,1
1.8806780887017778,-0.039707962508141154,1
-0.7225715013555747,1.2558717030212228,0
1.5518750850346983,0.35626407834000823,1
-0.7939611815515215,-0.08961880203974543,0
-0.7943447219143716,-0.20383033992305166,0
1.1871579771349323,0.2970116358158179,0
1.3965134768450072,-0.28163654557915346,1
1.3602238639646367,-0.6258458917173172,1
0.31421079548349207,1.2195627496183812,0
-0.2397334920846037,0.5610834876919496,0
0.8253822137948708,0.02411379607649572,1
0.38695131869779187,0.6470431401313242,0
-0.34832755729336706,1.2019701616617748,0
-0.21853536463338646,0.6579675836346089,0
-0.3884151632651095,0.015905173908280112,0
-1.0078433672604796,0.523180863616101,0
1.3850858811906281,0.6508282957151079,0
0.2721071609914491,0.11601884081962952,1
0.5400369227224496,1.0173179755462383,0
-0.7190827086859803,0.1317548789862304,1
-0.8096636223197768,0.12583248399716618,0
-0.8777015322762349,0.05162750513323675,0
2.4378711998827827,0.5600046693204641,1
-1.052260974509725,0.36378232847073766,0
-0.9922513299404184,0.10733934253070088,0
-0.5182845239404916,0.5894064165266284,0
0.44082289035640043,0.8125835440218865,0
1.960933332726629,-0.37682681374238214,1
0.586953332329247,-0.4211486448512777,1
0.9550291453040233,0.7227782532301642,0
0.006504092935267419,0.45503713776968924,1
-1.1543306457436628,-0.024354762216611682,0
-0.9408374031567308,0.2527015454843562,0
-0.46350020143584836,0.44728953465590976,0
-0.19921101043473222,0.9131914630655553,0
0.7001871781564085,-0.5472770804357678,1
1.6835566158645838,-0.06825983000520638,1
-0.03947516391739986,0.7584321043229492,0
0.4568367000998345,0.262893529096959,0
1.6318748779599612,-0.23379639264059532,1
-1.1485910084986035,0.00868805080894508,0
0.14091647894367423,1.0150805884565124,0
1.1332836656795229,0.13010292073467591,0
-0.1238993466430302,0.22199050734580678,1
1.0078634421881443,-0.7543790172155448,1
1.0539985467671715,-0.06462323849721557,0
0.14256721579695986,1.0584601546596413,0
1.869311524694504,0.7272711497655431,1
0.17563757302236715,0.6962814175418965,0
1.870567940769115,-0.47039691049684007,1
-0.5296168444754926,0.6129467411857036,0
1.0180769426258833,-0.6313956599367019,1
1.8850444598524172,-0.08241140514171849,1
0.9320906766495598,-0.40409396390918023,1
0.7141168155750668,1.2306476653311944,0
-0.022830842242630156,1.096500367642652,0
0.9655200320942716,-0.047316173674362694,0
0.2539187065845655,1.1948428968847997,0
-0.2590313426819984,0.5481270776166152,0
0.9135810991747643,0.013733858282147682,1
1.978766819835891,-0.3150550623147386,1
0.6658161787828972,-0.3948551479968199,1
0.9277748782483146,-0.6758579525587337,1
0.4714812296294831,0.3455361635306218,1
-0.9187220388940613,0.44369630151965844,0
2.423593465989026,0.46481995639281615,1
-0.33325358175495756,-0.0005599937677091965,0
0.6023657051816615,-0.8287726347389657,1
-0.05146297379673631,0.5188191262216185,0
0.9669738706901982,0.10266809472344407,0
0.8752048382704919,-0.7498328403913666,1
0.5977452006896768,-0.6372609834265323,1
-1.0757091288656586,0.661901421778085,0
-0.08709665027898897,1.0358464597618475,0
-0.05080726545264003,0.7553164684598698,0
0.4948098977415182,-0.5262402435523461,1
-0.4547295858255418,0.6465262544868126,0
0.5418049850722605,-0.3091431383723368,1
-0.6859709879123204,1.1391665098000354,0
0.7247738733359398,0.7060089973327407,0
-1.2231509214289296,-0.029273066393357305,0
0.4950622413823937,0.12219196241866664,1
1.7626427580481019,0.3371851334536945,1
0.3358439932989342,0.097832834411306,0
0.9823818104774101,-0.14432772981268138,0
1.531379277587007,-0.2835302641469393,1
2.0661959744123313,0.23773558306639475,1
0.24486817790087145,-0.23580337962271603,0
-0.18205460867459855,0.6341612436083293,1
-0.7048256953213851,-0.12382727543593236,1
-0.11450033487766409,0.6251823701869872,1
1.7823203323851398,0.17454808248765885,1
0.5726279386278681,-1.0219698566667796,1
1.225745076396489,-0.4353699228388277,1
1.0224101131679366,1.6710473738303722,0
-1.2740240862109935,1.2783763205900003,0
0.525951942353007,0.8769123102359965,0
0.19275374806611242,-0.23572042101363005,1
1.103780480135955,-0.36266868957522275,1
1.4928467530276914,0.4069000353642208,1
1.3055818141700217,-0.7416399293811413,1
0.44309053639073637,-0.02949499771811742,1
-0.9286625762761663,0.7479115121359123,0
-1.0953510536356,0.709571088779134,0
0.6642599585935522,1.4432215166412792,0
1.932410390817347,0.5284969586632027,1
-0.1935386342332937,1.3635893812334385,0
-1.1825854745586173,0.47852167026349524,0
-1.0557945897579806,0.05300945878803806,0
1.9911772054279204,0.30850950279348144,1
0.8662339866991627,-0.43068369049910815,1
1.757224611354752,-0.1632517890400843,1
0.7178227885125695,-0.47644395826570096,1
1.616765191601918,0.318229631138665,1
1.172742703289695,0.8565659838307016,0
-0.05105773486106105,0.9226314969892806,0
-0.1102515916790816,0.8065888477590465,0
0.8236789296127442,-0.5197766095848887,1
0.6921439385602473,0.8088744719850952,0
0.21964089672389048,-0.3237445792335099,1
1.756165446652159,-1.080143708433406,1
0.8106773534057649,-0.9802239197835616,1
-0.4771290316758824,0.7774655704609326,0
0.2035771345984319,0.6054318172964834,1
-0.2845513416285695,1.0084859203176264,1
2.1802361305823337,-0.0056596673200799,1
2.330689752576647,0.027070614351590028,1
1.6448626198986016,-0.1341841133488055,1
-1.1197814568236073,-0.040725408449001355,0
2.3427936381977332,0.20398561364440493,1
0.18202245923384128,-0.054151982527271825,1
-0.03262624622590349,0.9390740383731141,0
-0.28687183518664316,-0.221555550593238,1
0.12978550318306387,1.4376680970692925,0
1.8346856326647811,-0.2959020012212873,1
0.9486718676608024,-0.6565139209087547,1
1.8307710324896762,-0.18446291577280494,1
0.9444441736049094,0.8830671426196361,0
1.2190356804542808,0.12434499152622415,0
1.477299053469678,-0.01556865345992181,1
0.8220505871417088,0.5402166402361097,0
-0.792070648810491,1.6150086753718103,0
0.4732610430540137,0.48998085108468054,1
0.7055619076890891,0.6658654001518429,0
0.306826141884333,-0.3899171716173245,1
1.2292548867083406,-0.86091956327796,1
-0.8526329803877775,0.2567512338272022,0
-1.0885928308887456,0.5983220926594954,0
0.564443979912899,1.2915182959624543,0
-0.7165715027102877,0.06771606560269339,0
-0.7692629583354949,-0.06090487419752799,0
2.1334544644998767,-0.2296313607461688,1
0.8792111762872932,0.8182185075318713,0
-1.3311031276878031,-0.09193241467612528,0
1.6979343152573865,0.32381871149216007,1
-0.6108404223072503,0.13826204750700744,0
0.4022834398802877,1.0087024123594985,0
1.4433176409888213,-0.6354780115759564,1
1.6961747457711105,0.27323796563470404,1
-0.409968970027324,-0.14487442130095418,1
-0.12580403049486924,1.1178913341812144,0
0.7530332431631752,0.43366295956828677,0
0.9258976982865755,-0.4376662204020981,1
0.03715531340209069,0.7004094351738621,0
0.7796817884394244,0.7816546318782034,0
-0.7491587180990986,0.8141429656704987,0
-1.0727475727019493,0.5588686109344297,0
1.8149479224772387,-0.22797184058907136,1
-0.17571710100824126,0.5452535373610103,1
0.49515528615713483,0.3447920107799456,0
0.8693490794056672,0.7522973115890712,0
1.868895015505469,0.18794285775266534,1
0.17806261973729975,0.5948888333455428,0
0.23408638786051872,-0.46894138161405613,1
2.506096883098751,0.07396755153011259,1
0.830247128474872,0.13985418104656264,0
1.5426499643699256,-0.04772456758920568,1
-0.5293069660620862,0.6811323463311643,0
-0.02761556478830617,0.3129015081823707,1
0.3670593009903953,0.6668299539796729,0
0.7125018815388646,0.9880660761576592,0
-0.16150636582406497,1.1812231072910606,0
-1.3669416480767211,0.6766548840075952,0
-0.9392815823918427,0.4958465030428009,0
-0.23091625729526127,1.5453580049676412,0
-0.09317017260245536,1.111379398349571,0
1.69964991557396,-0.3516055849046234,1
0.4886833711559893,0.05167003303799371,1
1.19380689204042,-0.45600793335534445,1
-0.9422194128839227,0.5557940179169658,0
0.9829789514804422,0.3751253091639957,0
-0.20741440960458346,-0.23987424525691506,1
-0.31143821073512445,0.08512607895871127,1
0.07368851263138354,1.1206647110898207,0
0.27315245012426226,1.230384369827386,0
1.3123937845987736,0.1907863299606073,0
0.7271892690599457,0.8167447952750789,0
0.40343368849844613,-0.16645890148809867,1
0.34602412111292735,1.3100474477571915,0
0.5348996738889467,0.7655515804511194,0
0.6045460910275406,0.29405461773115993,0
0.0019272247131222053,0.43013704480937054,0
0.37559333338417106,0.6047234199551317,0
-1.040239797310135,-0.050538036394151775,0
0.20289252588180187,0.1692800921276812,1
0.7804723411012917,-0.7136515451006689,1
2.230949685823332,0.5962154677586845,1
-1.0256426876577756,0.29025814744399714,0
0.8938629173621941,-0.574744362321386,1
1.4223684409970958,-0.1638409628791281,1
1.4227462555424868,0.8012884611281741,1
-0.464517484143664,0.7503319265440747,0
0.18347967429323928,-0.12469992776050616,1
0.0314616020888564,1.283104216483788,0
-0.5540733370041481,0.9569822952375772,0
1.2964712898102773,-0.8062881654683838,1
0.3772448135900587,0.8916538821825954,0
-0.038791538711602014,0.3179985086338025,0
1.9638702375473223,0.20618493183573833,1
-0.24609371144248546,1.0677251616157457,0
-0.0727575361947155,-0.22315365953668626,1
-0.024070808073062555,0.09619535179885336,1
1.0084382827702503,0.543990538305501,0
-0.8051688197791297,0.02786465336892248,1
0.18299993406034376,-0.8522463029242147,1
0.08057740408851838,-0.30352826741588507,1
1.377130404388889,0.3000210535711866,0
0.8152021957633245,0.2121733231336124,0
0.7614801218301392,0.2291428997079609,0
-0.46083983482703605,0.4678710286922949,0
-0.9472436352399541,0.604782623237682,0
0.8658589544054346,-0.6192460341394852,1
0.6807630318174727,0.44660472682209684,0
1.0884318570529687,-0.14249652652477038,1
1.1410946772021657,-0.6228639471482246,1
1.3777613995318743,-0.22592749683558133,1
2.1332284755913116,0.11308595498499652,1
1.5317852250315753,-0.3145589884901956,1
-0.23030816345494753,-0.036759777755171544,1
0.1849926420231713,1.307134531091258,0
0.9844606692537297,-0.17104437080303453,1
2.1804054648069067,0.6398524185740798,1
-0.11956523138420211,0.632024546010842,1
0.6889424691669782,0.22050526059226475,1
-0.0398701449100749,-0.8790761516585912,1
0.7748772543620688,-0.9634632185374424,1
1.5513364040577096,-0.11739699222330241,1
-0.44172144862974955,0.9952269469228532,0
0.4800204823660404,1.2942394475860535,0
0.6851310072806887,0.036686841960176575,0
0.7645996549612794,0.33386346803429223,0
1.0717532679575061,-0.34476035892662404,1
0.27494321432917146,0.6433741799441202,0
2.3685415465596336,0.46106226782928794,1
1.2057661736408356,0.7066391553954869,0
-0.9188925685138514,0.7493053218980938,0
0.36132735446372954,1.0296909823509357,0
-0.9493595368911711,1.0003213381899634,0
0.02956718612046566,1.1328910496025082,0
1.084883027237511,-0.2743506183439972,0
-1.070038387872164,0.9529614310893709,0
0.24565342086042008,0.33481109229052053,1
0.3664347391366747,0.2629615382317144,0
0.6678413317966299,0.7206908307620581,0
1.3528750393302809,-0.11903602699635515,1
1.2471872490710878,-0.04927375954291613,0
0.5112239804566263,1.1714513320751023,0
0.03445119090603964,1.1146343309461804,1
0.23216645382568135,0.998120550320416,0
0.7320872818976264,0.852428041294246,0
1.8943786674723189,-0.3675397407703931,1
0.16139688482875764,-0.47784994868870045,1
-0.6164294346458806,0.6928937788605842,0
1.460275551233525,-0.14579469336776757,1
1.366826092105078,-0.4221067516185586,1
1.2492342429402639,-0.5717230599504028,1
0.2821863065301275,1.4281711610846264,0
0.67402190772482,0.6803567373583542,0
-0.7103206667944602,1.2503452097001009,0
1.2232083909183904,0.08264335666873601,1
-0.36865086774401984,0.8810535860498124,0
2.0528459144112903,0.5125617254450797,1
-0.3844642158355348,0.6856089195843198,0
0.7535684130556626,-0.1433269714170707,1
-0.24792710074894125,0.6760169695892085,1
0.7742675936100514,-0.2766020880185675,1
1.0061312360545591,0.3537839847106093,0
0.06445108739944616,-0.2269386237348787,1
0.3127242249325546,0.5482332597249304,0
-0.9684479667325576,1.3170513523131384,0
0.5377092572351255,0.7075741181193717,0
-0.12584309384617912,0.06566482512909319,1
0.8531589153480802,0.1576256865014921,0
0.463015381235465,0.2096629916101152,1
-0.22417425313325617,-0.32938675188304384,1
-0.38499875998521205,0.17635227341579174,0
0.7215551994480904,-0.15652082648684268,1
1.0423293989503852,0.05768569753375552,0
1.056277738159241,-0.1760305162564596,0
1.253975450800004,0.7014578620651077,0
0.9607851077509404,0.7069174047650317,0
1.5150157730147042,0.1627044103815619,0
-0.49716004539801106,1.1246228895734756,0
1.6030368800305599,-0.09221176177324775,0
1.5778028078605377,-0.10243983014261306,1
1.1326486924825272,-0.78355535387663,1
1.1754847435090685,1.2402555812367568,0
0.9674592797637541,0.1464037252856668,0
-1.4156474490563677,0.3867088557552233,0
-0.4718979512873482,0.7384469445825124,0
0.9143526928851299,0.22650482694718937,0
0.6408714755111329,0.49935895236435623,0
2.2732959507545933,-0.004589135447931603,1
1.6039695132010836,-0.31967906899067655,1
0.2897419406140306,0.5888577690518503,0
1.0956896730618326,-0.40755435121612027,1
-0.8478990991902423,0.5892028172414555,0
1.080197987238832,0.42310493564077944,0
0.40307670546533475,1.0722048508964288,0
-0.12196076728196809,1.4744209898790923,0
0.9602674971536581,-0.02178593797347239,1
-0.6996154351749688,0.3879217072295891,0
0.056363983173075255,-0.21818161677100356,1
1.0823300898693116,0.32347782647706547,0
1.8185158311747414,0.3686384750415036,1
-0.6557758944610246,0.09519509695228434,0
0.4421137327862917,-0.5126004922835803,1
0.6029953391161352,-0.19091236555771068,0
-0.33364091481091607,0.5722267064801747,0
0.7603385832906767,0.8165936120004106,0
1.6358286755749536,-0.05512448911380805,1
0.3788963804184984,-0.13191166347614808,1
-0.9909659851512969,-0.10661006769464798,0
2.0524254951252185,0.25531129771977523,1
1.0060562373846027,-0.6668761574466593,1
1.2859935689009412,-0.7184183114274203,1
-0.5830929387845162,0.45971267509268254,0
-0.34998875174364086,0.3886067692221998,0
0.4072694723712879,1.2472495566156874,0
1.070903655170064,0.5043746804693928,0
0.775574196259322,-0.476348175373032,1
0.9262180562380318,0.7861241654844443,0
-0.3051141311489128,-0.2956001875693697,1
0.9108804949043239,0.3369890483467866,0
1.920451104981511,-0.8602347881005283,1
-0.36726450517133336,1.301543823805413,0
1.3902074853816773,0.5841178401907647,0
0.9986086886318107,-0.31793617260384166,1
2.0585209048471054,0.4546234005711669,1
1.0874185947724515,-0.4683548622903584,0
1.1992409141586042,0.14144353493082945,0
0.8187264966093794,0.12063898799805661,1
1.3002407400015559,-0.4853715521793742,1
0.7587129099665726,0.737295703598203,0
-0.7944771641489773,0.7329393724530336,0
2.078964926420011,-0.00023670601244327877,1
0.6672175254385142,-0.6581366408086794,1
0.8177936700363366,-0.02316631356691367,0
0.7461594405104001,-0.29886845281091673,1
-0.4827853993824077,0.5068772520367675,1
0.13289320833790286,0.5822198195361143,1
0.37536103955826056,0.1780243507989378,1
1.1068993517110364,0.6588878032611349,0
0.5395279601638783,-0.3162222693044612,1
0.15474789400465527,1.1165872578746543,0
2.1414219319674594,-0.12877791071535133,1
-0.3760475611876333,0.44366071357459774,1
-0.7080538417875208,0.47525680403340126,0
2.0284373089963292,0.810687591844365,1
0.5718754569400291,-0.6133767656245461,1
1.217003469389815,-0.709617897157887,1
0.8475334276364125,-0.6234308361508737,1
0.15253453690640092,0.5787005460062684,0
1.6176439482537104,-0.422995018614992,1
-0.47093648736188154,0.31002849039282976,1
0.8458144538480368,-0.4897114927106524,1
0.9526390037958429,-0.03024296051112485,0
-0.049954508469932324,1.3985757199570164,0
0.47278785493333375,-0.011641661110224688,1
-0.8030387676188693,0.11657892879909953,0
0.8575057510470709,0.23331914126848474,0
-1.031403890453501,0.38039074245456556,0
0.528001290007013,-0.4200032730448937,1
0.7796968075227143,0.32701191601971313,0
0.6827220311606182,0.05497333322462844,0
0.3313925660263053,-0.40491223616056327,1
0.7334767256807708,1.337816708864078,0
0.661935447953211,-1.249851909584339,1
-0.010334370151596703,0.04888589860005692,1
1.5524453353203724,-0.17216207860435156,1
1.441763366358428,-0.3003722782677781,1
1.0364291449986485,-0.928769391233443,1
0.2412200813269872,-0.3147093390578558,1
1.1484592633273165,-0.13229615568717962,0
0.3115924140578994,1.5679625054748576,0
-0.3650462817260281,0.7782083385424531,0
0.6403915603343295,0.6116821846145769,0
-0.5788800802469938,0.1714946958591453,0
0.3541089905786686,0.9555886112740845,0
-1.1098669882808296,-0.12945854389125805,0
-0.8754224829401884,0.21537350440763772,0
1.7472307325337568,-0.46220328468679406,1
0.6207913510254781,-0.4295880475459254,1
0.6375100156438229,0.4680040147063351,0
0.46739889942798063,-0.10596174357700347,1
1.489784646456596,-0.05777890912547731,1
0.520198376426787,-0.6691252075975439,1
-0.8408760480914362,-0.619403950817154,0
-0.29441652964999426,1.4887387839459976,0
-0.8584854593215815,0.377364101799497,0
1.8314109542366237,0.6659611550041881,1
-1.4658422220601708,0.08501369267600073,0
-0.21615345456749124,1.3038128913893718,0
-0.15492729772554004,0.6205791568968211,0
0.8219599276924233,0.38749868251880115,1
-0.3782342963396451,0.5695264805425071,0
0.6536343651924499,-0.49150812258503046,1
0.720570392051923,0.009774812517722997,1
0.3659982364422218,-0.2635614360300467,1
0.41769701671176224,0.496607123635644,1
0.5964166118874005,1.360651320836444,0
-0.836195020492787,0.8537010818479261,0
0.9206685203300423,-0.9671442677666711,1
0.5372894959693446,1.6547280110212719,0
-1.5469642357356546,0.09077765453732729,0
-0.5858728737960073,0.665143457792497,0
-0.7086586999494144,0.34830862259859197,0
0.07588715144319684,0.16312709535272205,1
-1.6528209114009056,0.4494486888407603,0
1.364485609174592,-0.48153512672336624,1
1.0262812032655624,-0.176803562390013,1
1.1411359765564966,-0.2260652729444384,1
0.8808847783115915,-0.10595865364957985,1
1.5295122204676737,-0.34304546246418266,1
-0.08310420243623223,-0.12600552914051283,1
1.3220563540101433,-0.5119873930656358,1
1.4619379579390959,-0.527532958456272,1
0.9004197102740671,0.22352174523384188,1
-0.3603139093481138,-0.01599845501533831,0
0.9906747306394033,-0.14216570180737848,0
-0.06595673623943601,-0.29034138526578507,1
-0.46361260948046784,0.4306400746402783,0
0.695970855671066,-0.099754200769362,1
0.17753688169278514,0.4142235639137704,0
1.4766672723002892,-0.15116538433004773,1
0.6919640312634512,0.4804316720999238,0
1.0146445818317218,0.3379191125684501,0
-0.15182015590339795,-0.141910447807191,1
-0.3635945271786418,0.20627055709893766,0
1.7828336049041473,-0.5736206234660421,1
-1.0846595649440531,0.8502409954063035,0
-0.18684437704347273,-0.24787829830979805,1
-0.003942622619092239,1.0333116523187647,0
1.7062182624838504,-0.031239988724869966,1
0.6692566272976608,1.107583538046403,0
0.05365607108730308,0.8517281698887988,0
0.3612756463350349,0.6929920916897601,1
-1.3578361860000614,0.4296737655900317,0
-1.4523308420328689,0.5262853985712256,0
2.513250523697426,-0.11454086558153287,1
-0.17332705042549507,1.226242354250548,0
0.4445228014150789,-0.6855264806723493,1
1.0145826387432195,-0.6766878910025355,1
1.182708386098113,-0.24407983530277994,1
-0.33493607549134846,0.9672377932972248,0
0.7555115892993052,0.6259216248214992,0
0.07066332761316918,0.18573448660084035,1
0.8437887578320302,0.06444511642231102,0
-0.9190711881585999,0.7724483432065926,0
0.7169144262890361,-0.05495105175576792,0
2.0580369923179433,0.3669969912895925,1
0.4355647017517415,-0.2302733050356526,1
-0.8025131885692983,0.5453790698056957,0
0.683228397531805,-0.640621962990211,1
1.9855725807459677,0.2701787183217228,1
0.04461617223519168,-0.4142524877835472,1
0.16460944712162878,0.6953987754865122,1
1.6660574373892956,-0.3515241052834178,1
2.1037040582521,0.4651361678581024,1
0.3593929176725091,0.6226383170559311,0
0.7057357172149646,1.0509064882881674,0
0.12708951564571536,0.04423961911486489,1
1.3049631142306501,0.34963352241959633,0
-0.11896211714169758,0.11538385098408818,1
0.6697824814644732,-0.42860952789545687,1
1.8676659423820643,-0.07872065704160058,1
-0.6281036612155888,0.14388543236708595,0
0.5262039202611409,0.3887340771773538,0
0.7577802033555402,-0.08647672230917175,1
0.3667672356868973,-0.33579953305271865,1
1.0457139103177022,-0.13486404313362702,1
1.7320144350873554,-0.4824890293406069,1
-0.8027987668475496,0.5220322722393036,0
0.39218549830178184,1.3168532592756974,0
-0.7278961759266784,0.0496279117097259,0
-0.1253588947435588,0.2994513754855089,1
0.284997509318392,0.3327219519148499,1
0.04784631659390354,1.3981655328824873,0
-0.983668837476864,0.4543608560070694,0
-0.5174047412326906,0.9721117962731884,0
0.5838779314032849,1.076892023001046,0
-0.5405071604331131,0.7562401603606408,0
1.568628895416833,0.0706700422599304,1
1.4890274319128152,-1.0542172872916167,1
0.42173102009841007,-0.018582862394713948,1
1.8771603951454159,0.19697114465082066,1
0.7103620353462547,-0.503847310211628,1
1.6889713273303344,0.09026271992254808,1
-1.470590056064263,-0.3329251875796442,0
0.02171431485900016,0.06387912640673635,1
0.16988073831882108,0.6179439844683936,1
0.5829681869514918,-0.3617033641486054,0
1.390658057736283,-0.73954082855859,1
-0.8192987370149668,1.020406999149307,0
0.37271455726079483,-0.037978232223989036,1
0.008652616213532444,-0.06809338162535085,1
-1.0529999765094595,-0.0683108890398339,0
-1.2010635386516215,0.3191824836692392,0
0.10787450509952737,0.40004311997610936,1
0.2540619494461593,-0.44878816177172737,1
1.1129249291861214,-0.08924461052092256,1
1.261206451900824,-0.9281200630600275,1
-1.1110944393168694,0.4525451527393777,0
1.8921033538537735,-0.49090498078339084,1
-1.0998919671366725,-0.13906974634792957,0
-0.6413644655180405,1.352814508745067,0
-0.5486755330110693,0.7683800351244876,0
0.23922250100186676,0.9864531145392028,0
0.4308159725166537,0.9850575063356505,0
1.0400432909590154,0.2389586715443496,0
1.1826824153776148,0.011224383763998147,1
0.3730590012668634,0.8189315018020175,0
0.6232894246532306,0.7972157382192904,0
0.6161026333242503,0.2977346173872346,0
-0.5226108114642827,0.5097674252898382,1
1.1253768206931873,-0.606606681012068,1
0.07249673641748666,-0.4782286907217193,1
0.587890654909473,-0.5282245947845134,1
-0.608601520088775,0.603571031567295,0
1.1209681325860303,0.025489065520518217,0
0.4977489047580571,-0.5676977985923104,1
-0.8669827924244292,0.7798321397862069,0
1.1428359974417213,-0.6231790432940134,1
2.005633838985404,0.0564034138333676,1
0.6439463666939068,0.6693708792110475,0
0.9442979658540855,0.1765968773513254,0
1.6991456023534612,0.1198342873206048,1
-0.9056298065850801,0.39216486666837336,0
1.6243704682824278,0.4036848209732803,1
0.5585155676855044,-0.33072341374287917,1
-0.9871936014837541,-0.5214222194366314,0
1.419451571361484,-0.2315882529970213,1
-0.9798120993499887,0.8577327889701759,0
0.5680218671166705,0.5944756797898935,0
-1.3478700874130494,-0.2889983812934809,0
0.021524670682209396,0.9535393146869808,0
-0.6436111916416127,0.49631997026654356,0
-0.8505723304013297,0.7635913429374093,0
1.809722027418184,-0.013015776914944002,1
1.1157481581953728,-0.09698275914494742,1
-1.0111627941539527,0.8990143276239706,0
0.6262726010084012,1.106652937061302,0
-0.013643173680695758,0.03818193752647961,1
-0.5431665726178438,0.0933922344030772,0
1.1337173811701544,-0.5245758292301133,1
0.013074975401472233,1.047567054423115,0
0.6460104324383188,0.2577777392358594,0
0.07224319681327682,0.7535968798879809,0
2.2547550119714366,-0.18776482315812615,1
-0.5129188250743625,0.3426711433830135,0
0.004516532632460324,0.8076051361272751,0
1.922750731209766,-0.18192360574253902,1
0.8036894222843618,0.42433833867201964,0
-0.5005399496027113,0.1250627576383439,0
0.9516321721257366,-0.5435101381079029,1
1.5481989976182529,0.4223846961272092,1
-0.9325932638299645,0.6401019569992604,0
-0.1308677229805311,0.7631873227598118,0
0.35149254651406425,-0.3276867079419339,1
0.36681577539750243,-0.5717122196974955,1
1.095259153812278,0.5306703933595027,0
0.3617300944229836,1.2463327111937685,0
0.2099292846020398,0.826351017371622,0
-0.30774865160573955,-0.149143189671263,1
-0.046782760577141036,0.2923952335586791,1
1.9803414502512113,-0.1457827082522186,1
-1.0236868775071568,0.7669747855471623,0
1.8037053452312304,-0.14830446789401838,1
1.3717909675761013,-0.14723515252955832,1
-0.5805001452569798,0.9885154114578885,0
-1.5524709866533961,0.4001619875565048,0
0.9204908427062635,0.7343207588436736,0
-0.7391360136024321,0.49602473932678576,0
0.9952210918689095,-1.044346850589226,1
0.5728870058101907,1.0235327316240772,0
0.9125796598895484,1.0823177222913343,0
2.0584397479232974,0.24541649970553947,1
-0.1593241781833692,0.3386443875554567,1
0.45199672765868737,0.7160448724897063,0
1.0258260002564645,-0.4852473129999733,1
0.39874198093912566,0.030801927798432882,1
-0.5717762320789587,0.4431773200213276,0
1.2752629071087087,-0.1487364237037374,1
-0.42990469491034894,0.4270195597772038,0
-0.16510095244470235,-0.2262724916528539,1
0.17070824708461999,0.06859926763245192,1
1.1828522444453622,-0.5126062738643334,1
2.5553854216970793,0.516975852997221,1
-0.17148830442894816,0.5142449814654131,0
0.9188098700146723,-0.03178703902855633,0
0.7242000237950522,1.0386391377433744,0
0.0021979446139464565,-0.21335648153457865,1
0.6453989488098684,0.1272675255006563,1
1.809174779460717,-0.1115281041650964,1
0.4988422408015139,0.9933148768601885,0
0.5886038479102234,0.5770546561175975,0
-0.021592682097913846,0.7647589783234645,0
0.8898022591374162,0.9997302577377933,0
-1.141044384895877,-0.4438731566323652,0
0.12049060235804686,0.11928942116548702,1
1.4601196974304236,-0.325850259385576,1
-0.0833997431397352,0.08170556632224674,1
2.1422520276074835,0.09312569286105471,1
1.6127663878513276,0.4594613527785766,0
-0.17387804751271918,0.29142918039403565,1
-0.0037519800532125926,0.20979135714882968,1
0.3766108443436776,0.2706282848491641,1
1.7449973283539486,0.8030013362301284,1
0.4483214727707328,-0.09342975331269535,1
-0.7618260228837945,0.9240078298096195,0
1.9505812704232754,-0.5817980778696586,1
-0.39537296501221897,0.39662741050266115,0
0.7673070923823023,0.1321134008305423,0
0.15234117861193908,0.21968529021753563,1
1.7410179995794963,-0.21559957453049095,1
2.151852518110461,0.9279022765014737,1
-0.6193191179017319,0.2985320845936798,0
0.15831273828103737,1.4603123219486052,0
0.3484584286508394,0.46507498278316456,0
0.28698826383822756,-0.7430132928729114,1
0.5662666453318178,-0.4647014121040638,1
2.07430784812621,-0.599977978673176,1
-0.19070576069414413,-0.3709072133329443,1
-0.5533472367250097,1.2245573285482725,0
-0.805546873921588,0.9910828612775754,0
-0.5266383681496114,-0.025109695423318992,1
0.5622217859790981,0.24264425560551958,1
-1.0713792715133659,0.5738353505245483,0
-0.03389403302679717,1.1410165959491012,0
-0.8176558290932439,1.0909315093271825,0
1.158749570777068,0.06819744891226923,1
1.6393941873713913,0.07161436590515591,1
1.1493870635748313,-0.9114496318806695,1
-0.18629021067713286,0.10519325641934463,1
-0.8153954460340521,0.4372049156546991,0
0.789948728115326,0.5656030875620184,0
-0.8415494097294979,0.7009462683643268,0
2.2148576859643407,-0.7529637720287201,1
-0.5232857664058964,0.48309883805445686,1
-1.0656606771643222,0.41132177564548683,0
0.6964447473229278,0.2876100695949652,0
0.007038383672690496,1.1219568496952428,0
2.2171063418814017,-0.2101646828118437,1
-0.7586796465916446,0.05885610574640765,0
0.15615110499059026,1.203976957711711,0
0.8204669142458907,0.6800482094424147,0
-0.47643928851378653,0.6761342499519981,0
-0.9183871735501941,0.4296706690689893,0
-1.3338124963418394,0.6182124950972562,0
-0.6340706316374529,0.2816319038654617,0
1.1997654595847471,0.9885502644097242,0
0.5812975394182391,-0.303919774683628,1
1.3882794633608895,-0.2382595419610697,1
-0.8616020692518426,0.08360794747041769,0
-1.2320285029190827,0.43913779570040545,0
-0.31923967701364986,0.7869632658761492,0
0.5165216992614661,-0.20663567684817236,1
2.224970071827113,0.5837803514649577,1
0.7146476671509558,0.1081349192784034,0
-0.2974644971825041,0.30070184530866567,1
1.7031924500294815,-0.1738305523574902,1
0.32026825200053766,1.0521437988389661,0
1.3884252550158607,-0.6876293816576947,1
1.4007923198413386,-0.0502644076927023,1
0.04296116153279367,1.0181989435492755,0
-0.1089152196653532,-0.10852649153957072,1
-0.08733000299267524,0.16852888318177017,1
-0.6829158057289704,0.27823504143031996,0
2.295277645486455,-0.6844343137409502,1
0.9701422684897171,0.749595345929474,0
0.847407509201953,-0.3879345790974138,1
1.5217052866343206,-0.5999047155454534,1
0.22385780696681495,1.2590377198220923,0
0.8581726745922614,0.5180747384641582,0
0.47679293389002625,-0.2583857528287925,1
0.3947194661752115,-0.29782042178211077,1
-0.271796377018373,0.9943647443184468,0
0.5375971726860624,-0.07706134871757275,0
1.5696715702552475,-0.22054478012027595,1
-0.6723552985953494,0.82980878955886,0
-0.95508326894333,0.9056126869893864,0
0.5641216300290184,-0.3571592777648305,1
0.40849290592107657,-0.08702456458011068,1
0.6008262380966753,-0.4577760941640045,1
0.581529383355867,0.8838972965212453,0
-1.0689354940987275,-0.47906414294382105,0
-0.6006260164093737,0.5737949490884642,0
0.12851703341372955,0.9092784675634475,0
0.25118088690085283,1.0616271418821686,0
0.6272798591631858,0.5162108923021491,0
0.7339892722393417,0.5993319703886034,0
-0.7687549148736836,1.333213284582965,0
0.9210305117745923,0.11053009238555123,0
-0.6327255340877613,0.6818986041933478,0
1.734818282087573,-0.2568483427294879,1
-0.8740244076369806,0.6162905487104483,0
2.1638287640253084,0.05809909705411914,1
0.4724691221180364,1.4494974319967713,0
-0.8549057219867,0.33938244255528405,0
-0.5733277543988587,0.20383554809164872,0
-0.6097809992211966,0.6589372192448487,0
1.801270325109694,0.27873320593662115,1
0.0008261195047594462,0.644593323953272,1
0.2153400836674013,-0.3098250630628896,1
1.0146397829275746,0.6313265555653609,0
0.8983826442978763,-0.6089452601731947,1
-0.11624968090498497,0.13640174046432132,1
-0.7761588977745526,0.7697182874618558,0
1.6102091069356879,-0.7739511191926286,1
-0.09681842240040284,1.2376004379722139,0
0.7957931159487555,0.39166471103959266,0
-0.6969554135956426,-0.09437615944150313,0
-1.3592786234372516,0.394980524786478,0
0.29607644281218676,-0.6192630074510588,1
-0.43711207787495615,1.0705772933683475,0
-0.5536085615926785,0.9267170700536889,0
1.7362202452791995,-0.5842198392208288,1
-0.13331878113231804,0.8234468421946892,0
1.705423814471278,0.042246583500696905,1
0.8549437544222993,0.1612778132571951,0
1.6260243512659813,0.1740356977086354,0
0.4108248071192951,-0.4046738123299038,1
0.4795726957799391,-0.19000276298788124,1
2.380480656478534,-0.3252501395288654,1
-1.690555029234785,0.075727957034528,0
-0.6690254428570482,-0.4099799445984685,0
1.0916591695307252,0.5615101103232625,1
0.8998417488919608,0.23551493617860814,0
-0.20163713133671896,-0.21425377194693673,1
-0.9665971248968785,-0.1658831989286743,0
2.138661526079481,-0.4943153368439711,1
1.215467490417872,-0.7191345003831221,1
-0.40559065545631623,0.7830240778337875,0
1.0833776179986803,-0.021496388260634713,0
0.5981204027820406,0.9789141134263775,0
0.5680005896066511,0.8554096368722511,0
1.7365045401387398,-0.8102268443430264,1
0.8945993368792062,-0.037281326180583996,1
1.936944324449368,0.508580273144936,1
1.587662690055609,0.6308153964692494,1
0.5056402225789631,1.1243977543777022,0
2.0818621034667126,0.45541325489499873,1
-0.447815007489623,0.691383739968014,1
-0.1094232124184476,1.1486155162877378,0
0.41166395053243865,0.12007032323810901,0
0.7085701258121462,-0.29612955566489907,1
0.6181856860961856,-0.09897605048744523,1
0.44616509537144333,0.31791485028288236,0
0.9344387338765459,-0.2841682839503112,1
0.0330871920859414,-0.18742687702043365,1
2.0454142993623137,1.070928034234778,1
0.002186239588126415,0.9720720637518546,0
1.4465009510255242,-0.4290944280938805,1
-0.41519642774879767,0.5508414269350379,0
1.4546529488422284,-0.11249257426922893,1
-0.24903414475016822,0.8676342814908744,1
1.4615552331921788,-0.6385770514810485,1
1.313440469016835,-0.5859381424882296,1
-0.7642444616153361,0.03793044050273521,0
1.9139887724442028,0.2854468475186204,1
0.7167116965450178,0.17838746534676686,0
-1.1413042407234524,0.8721912572748651,0
1.3477586460152287,-0.5790312805166518,1
0.3523740434114553,0.32606502667089204,0
0.3901196616067687,0.051287886252746766,0
1.572178926943679,-0.44946994083149067,1
0.17484606020528426,1.089938106475861,0
2.6151257942248494,-0.11325995365651387,1
1.0043170498085332,-0.14722320931524607,1
0.5179823793049831,0.7204643599117052,0
0.8559483829406584,0.1717994882508519,0
-0.25381134241256714,0.8893443486758983,0
0.1625788035482688,0.229865872088688,1
0.2409846212106207,-0.5120301035169357,1
0.45774994219217857,0.5372533735571183,0
1.252532931338675,-0.2844158607285891,1
1.69954447692975,0.16178112801326777,1
-0.6831399772273004,0.42145666105864893,0
1.5898236489299007,0.23989166595317432,1
-0.8169655939533367,0.42594685923414555,0
1.4306111104743604,-0.06531639113345086,1
0.16685423958454254,-0.2724752993615067,1
0.1342280653620532,-0.5003872793043229,1
0.8857976816322275,-0.3498704592736457,1
0.9635799809858119,-0.19448555715962945,1
1.131500373712459,-0.04442721474854905,1
0.4593263526477567,-0.41053694030419596,1
1.8430843695082042,-0.060497618489334264,1
-0.44440830788497676,0.26274433930053565,0
1.0910081528272657,-0.136606379098686,1
0.6974036903658005,0.7523544570015251,0
-0.48104040260325076,0.014273471924094616,0
0.37065307636344,-0.3982413307550277,1
-0.6209608532090534,0.5908127959253505,0
1.6821914994809712,-0.5351569189106687,1
-1.425626637324784,0.5252906193488704,0
-1.5826724058372448,0.17195746846176124,0
1.170271228073664,0.5175736581605218,0
2.50334054841314,0.412897243025091,1
1.5678497438757963,-0.13699942198326212,1
-0.044081772189583826,0.5249007462179258,0
-0.19334816533344168,-0.08012952033795062,1
-0.31741679729071337,-0.19341443841101147,1
1.4708402410745793,-0.8399387690986988,1
1.069262721612395,0.5330355382995964,0
0.8975599812869769,-0.5825694130303075,1
1.0006883698344147,-0.28019069829036136,1
-0.1764564297246879,0.7158465157634843,0
1.8305277220817076,0.1944358344420295,1
-0.07956737888773743,0.6946887205853337,1
0.8284532189170961,0.17562259057075422,0
0.6876131893352295,0.5241910534551574,0
-0.22383578124512254,0.7904935940837323,0
1.6563413225669912,0.3623098332097111,1
1.0938362777382622,0.7997527323979134,0
1.234480542298075,0.788391100393993,1
0.16128236953162822,-0.10726474207191891,1
1.988963523486507,0.21675370220859141,1
0.7996289416610648,0.0845302455919985,0
-0.18127268424139653,0.3346793001706115,1
1.7516536271106655,-0.21811057719411814,1
0.061499063722867044,0.4880231775790643,1
0.3032852260071609,1.234841855554006,0
0.7971451276904258,0.5544789869619499,0
0.7356485958038279,-0.7636928578459263,1
-1.2182002767829394,0.029013693465335444,0
1.99408169259945,0.04053401249641314,1
-0.7846000896487634,0.6871290713887586,0
1.0320433769640056,-0.35066262163999284,1
1.9021402922709592,0.4120444878398053,1
-0.41325226909840923,0.8100427523986538,0
0.629243266887445,1.1471235331661476,0
1.3941296178502458,-0.3223198317726536,1
0.361816813284274,-0.015602979971154118,0
1.4706058419252324,-0.22920341743864417,1
0.5463027044248255,-0.9314134056563707,1
0.7025472352524845,-1.1468605087688837,1
1.3017026052282836,0.1285943718094516,0
0.46299360605249745,1.280023803803798,0
-0.6977766175644875,0.5641327980816927,0
2.1036823907947073,0.19326771485202077,1
1.9638177466300994,-0.0045370068866116275,1
-0.6924900657890307,0.31827588771945126,0
1.8380773361259604,-0.30642423465229973,1
-1.1411041601386118,0.4301849840496952,0
0.3881892804307526,0.9175827200534381,0
1.7280869111991621,0.09267633367252268,1
-0.26594393813029865,0.054740988471194754,1
1.062003449511028,0.6472389231694149,0
1.0186522908312052,-0.5286479035967142,1
1.711698239217332,0.30854025400120433,1
0.44605366008755215,1.4023747946112237,0
-1.1384933525321856,-0.0082304175678444,0
2.2722032183182566,0.21465808163507244,1
-0.10052098906057233,0.9634396761361046,0
0.26256814125629313,-0.820627569486205,1
-0.35092264036053755,1.1920352211453527,0
0.900768208903801,0.16473197159400843,1
1.0866872213061236,0.9009852196135659,0
-0.06904447462657332,-0.29291147070823303,1
0.4930372777627208,-0.022288655965573834,1
-0.3023886209899336,1.0585639057242155,0
0.9975343060416801,0.819838139110464,0
-0.3224917923200154,0.8664707847827882,0
1.3620215840793404,-0.33990159176250656,1
-1.1367492688727687,0.2835444516577346,0
0.39581264913997427,0.8968064151173705,0
1.0492414381791852,-0.3274203411345635,1
-1.1877450524967674,0.5227693833365601,0
0.6289893910546124,0.29064121912531704,0
0.7309091944810191,0.6230776264551158,0
2.115047697321572,-0.025247846010998675,1
0.42644671663303935,0.6641737881786131,0
0.7505019432264237,0.2367234090936935,0
0.46150867898717673,0.3972622500780987,1
0.5633795931722719,0.9164227052349245,0
0.23144226781045063,-0.8513114094680545,1
-1.1575630581215919,0.08742345506725796,0
0.24031964737090805,0.8226187359937066,0
0.7466688077037251,-0.3681341200159737,1
1.9225379701436356,-0.11903396440060755,1
2.150214858406359,0.17581136565269231,1
1.251102932741608,0.022795950333795056,1
1.754058020927924,-0.14622900145394724,1
0.06015895003258191,-0.23663759875625284,1
1.3610925268456369,-0.2705636934436888,1
0.8754169207755078,-0.7427553006836914,1
0.20897173107677036,1.257058558098224,0
1.8752137533104292,0.43513502317545205,1
-0.5437884237765407,0.7836365335026014,0
0.8613921620491898,-0.23149449693229432,1
0.7561424169510131,0.47023754478290913,0
-0.3800355334758395,1.186182588052479,0
1.1502445326187094,-0.2603974081948816,0
1.1613500866215754,0.1536972711718013,0
-0.5194680241935288,0.7204081662197257,0
1.8996528262763155,0.4687763821000642,1
-1.300687173258192,0.7339333440970168,0
0.9038779240293241,-0.5722261631260257,1
1.5272585781268297,-0.23398112788329561,1
1.9062814438198807,0.13191273824820646,1
0.8454122984123542,-0.529973445659625,1
1.1371820284143224,-0.20796966008370837,1
1.3670012498917885,-0.7843029727664026,1
0.36648688421898207,-0.3827746753578958,1
1.5232909256325904,0.04287468841833718,1
0.021637470138441972,1.1797468667507753,0
0.7433650026044687,0.01778946882430299,1
-0.1788284631083753,0.15102592005472387,1
1.8645536552644986,-0.4502147146435253,1
0.562667398713488,-0.5896222982647099,1
2.3455639752855246,0.08947999838432011,1
1.222923568686987,-0.5054613602283996,1
1.8194677999667457,-0.49222762474803694,1
0.4584099748415238,-0.5149591128349166,1
-0.8448962366974317,1.4168670725476724,0
1.7000111439011425,0.25630897395464636,1
0.37203819216572076,-0.5184033992060997,1
1.7561120458651223,0.08282829727143334,1
1.533086328380547,0.0502127496815013,1
0.8493782070710585,1.1154565568560386,0
-0.588100776499572,0.5689731238151226,0
0.6113968838417108,-0.41998867521384536,1
1.0993135425869383,-1.1493941364563773,1
-0.6146201586566384,0.8381404065120492,0
0.5555813049422333,-0.04512348577494374,1
0.49465095067478904,0.11799384354466758,1
-1.0611856446475962,0.366049172227587,0
0.10022304522853048,1.3141970978346615,0
-0.7323671348568932,0.8383357761824515,0
0.3248077591065823,-0.1737262145841892,1
0.898085645487732,-0.7031122768908975,1
0.7365623600889843,-1.0648648943714907,1
0.7215960339754646,-0.35691695128369194,1
2.0058562393553103,0.2598399811834401,1
0.6462149399583015,-1.0677458559019968,1
0.9840105386641625,-0.5316850554496031,1
0.47071881993701614,0.09841083230048442,1
0.8264379063652957,-0.26416111853613944,1
1.5986834394782663,0.00775187559552698,1
0.3580834916865653,-0.6170240456794417,1
2.301865842823043,0.3969805217565927,1
1.4884461015260988,0.031884476054235084,1
1.5520233810650292,-0.14856478405934143,1
1.6855896721792438,-0.8314865996241617,1
-0.6442162923832475,0.23232287940773416,0
-1.0469614223169064,0.0474355984470719,0
0.24490620843898234,0.5008573424427727,1
1.8083672567072826,0.4345127750867804,1
0.014453129215780375,1.4691468192499437,0
-0.9581006564830057,0.8311201101138612,0
-0.7263255952250434,0.9016329909631569,0
-0.016409903919228086,0.35188084663670516,1
0.3436042894849122,-0.05528040026163461,1
1.8550233588379363,0.38144580575705234,1
0.0664836167742353,-0.3265501748314927,1
-0.003144778627056588,0.7563494116368272,0
0.46175136321696597,0.23055778151293793,1
-0.29669073010907565,0.8505057189135415,0
0.39592249913558064,-0.12025634961146549,1
1.339817292262077,0.15306068495699854,1
-0.961172695974241,0.720550714504327,0
2.0893244858064812,-0.4381997133255842,1
0.9272547788960581,-0.7927431536185644,1
0.295558964339413,0.7100169706515762,0
1.9319591961125382,0.14208483091015173,1
1.2141360852739584,0.3697208497907125,0
-0.06741306013932094,0.26422083705506494,1
0.24294409868411845,0.7702793886718837,0
0.014159893734308537,-0.0384628511224899,1
-0.9296438738845594,0.43802413482167135,0
-1.343009944181686,0.2698918292672521,0
1.280012353690005,-0.37948026458624184,1
1.9099348177269837,-0.12292109054617953,1
0.8940142040448338,-0.5582709771411851,1
-0.789830204786529,0.7149108436206288,0
1.2792058425855992,-0.6111869467829196,1
-0.29072816569308735,-0.052777388059840946,1
0.997284586430356,0.7768397961552932,0
0.5048658900881375,0.9048022643659644,0
-0.3772169949653048,0.45570008578767784,0
-0.6322569838140343,0.3830126342525782,0
0.13427748892784164,1.1262572257551235,0
-0.6204643771262719,0.7759887015244176,0
1.9034631005094884,0.011957026038522937,1
0.9902178798708844,0.16789250492974156,1
0.2207221987445107,0.44560083904995523,1
2.0976492252645906,0.04944755665388717,1
-0.4254150768556576,0.8101917479661703,0
1.9186022441622774,-0.7842675155054747,1
-0.28326869972543084,0.791526002863058,0
2.212683604306141,-0.1723911145711402,1
-1.3491775800156236,0.107373478140022,0
0.9060558955888263,-0.3335019477680988,1
-0.56389582545601,1.0462751808005692,0
-0.7828263319788612,0.8482730275736706,0
0.5433793669332562,0.513777383052041,0
-0.6621356025845408,0.7242483590781615,0
1.7114731771721843,-0.0787728118440468,1
1.7831320186497355,-0.5388899494900334,1
0.3314079901472266,0.631244966243848,0
-0.2683400509689677,1.0293130837957392,0
0.3560028489462,0.20168992040296918,1
-0.05530845556857912,0.2027379833968186,1
-1.136295719322433,0.30684950295729213,0
-1.2192493551311743,1.0222387837531304,0
0.6090204588949168,0.8048650108322475,0
0.5315197245561134,0.6096856811046113,0
0.21441696778248354,0.4555656938142195,1
0.6937703713212309,0.2003224870597191,0
-0.35348818129912263,0.370735949478087,1
1.0584564837547803,0.9008648179510906,0
1.046996085958278,-0.7915409389815341,1
1.9967374679344836,-0.09008224932449035,1
-0.32323820168881834,1.1626779751914649,0
0.6098773804805476,1.1475830697665117,0
-0.07508177339143662,0.014324404438490035,0
1.6681981173863702,-0.22394408345827416,1
-0.1725795549897341,0.6488025977743368,0
0.5397620904048805,0.8663063280693479,0
1.2899852585648595,-0.6926957448050147,1
-0.5001049828171351,-0.03877241785240608,1
-0.04333282817924018,0.11287391226496726,1
0.95145690340732,-0.42061939027305795,1
-0.49242859137396877,0.5151353627468183,0
0.25793876932090865,-0.5448158639953379,1
-0.01983189401353369,-0.19268445103469534,1
0.08768361016783899,0.9807041055060325,0
1.4899852906300604,-0.12999749440868966,1
0.9009908139647782,-0.2788610053474294,0
1.6497675289792024,0.20526117353658335,1
1.4272226072420693,-0.08181832377518351,0
0.38292202226487915,-0.6105226644136227,1
0.218020534063354,0.058908290356951165,1
0.11578702882324818,0.925396148798476,0
0.7660608745491935,0.6667262784523873,0
1.020297075760163,0.470900615395157,0
-0.7845033540339201,0.6207238054149165,0
0.5243338229702057,0.6239903075236408,0
-0.8123870449800611,0.6808215955162362,0
0.053776361813098555,0.5026671545919911,1
-0.651421563064415,0.056210037259228185,0
0.7496987906129483,0.5163452698865298,0
1.9321999405759323,0.031168936971125327,1
-1.2101403529238117,0.7989679866575476,0
1.5637729097676214,-0.43751046967504137,1
1.0049338007916466,0.6041375804628064,0
1.4092669560224407,-0.23621480946656098,1
0.20694249663072434,0.4072108538335958,1
0.7011209593393584,-0.10167462707244032,1
1.0553091658354088,-0.3642771561980558,1
0.7858644781588789,-0.3551522737300007,1
-0.6479606095366879,1.7549271661065151,0
2.159263326618674,0.5352289689494102,1
-0.4827414238469666,1.2499750913374152,0
2.1987469153973485,0.436720416247202,1
0.7022391272784014,0.706133222324906,0
-1.1426595192585958,-0.23525497967562106,0
0.6006888929404751,0.18566724570306292,0
0.8517820311753872,-0.020453136450428344,0
1.3046853331951154,-0.4798099656488522,1
-0.6165941338740749,0.5940328342467268,0
1.2278849719131044,1.3604425529385453,0
-0.9679959263297031,0.8738575565950102,0
0.8191705251663872,-0.8043426818408216,1
1.4829843183845068,0.164085275433819,1
1.5967691775834854,0.1919287208166343,1
0.3792969093829357,0.5175388128139939,1
-0.4602428643716817,1.1214706406214645,0
0.9210587643520955,-0.6054836434251021,1
-0.22935177280689326,0.9168647061061713,1
0.0713376003986841,0.6122528536478518,1
0.4786468378440388,-0.8273066502037836,1
1.7761583565260302,0.14154024009885663,1
0.9463810690656715,-0.46702378941126554,1
-0.45354484529421324,-0.15726757042510525,1
1.0005707932158927,0.7820727902464911,0
0.876726356118653,-0.198611827351727,0
-1.0702075874203483,0.535612407855,0
0.16662846271808265,1.2781164750655272,0
0.6991113546898934,-0.8344391184289079,1
1.0127927387330213,-0.7447756803840163,1
1.840368608248979,0.8065118044444701,1
0.910550903739938,-0.3939032118540676,1
0.5777560301035534,0.3457000907151693,0
0.9026021760919501,-0.521965477543549,1
-0.5436608330818442,0.7031145254309646,0
0.297672281993537,1.0710722373405224,0
0.7772521586263872,0.007290184703313607,1
-0.6298010792527764,0.4948232036016299,0
0.5917308670318887,0.758950974761232,0
0.6119960377550522,-0.002107475168546216,0
0.877158739913786,0.1789746536161918,0
0.14953369351258344,1.2871840229110594,0
0.20851956676558084,1.1010860752577087,0
0.4063111417676113,0.06499998016466446,1
1.1616154600833752,0.07861645428608871,0
-0.7013974877033246,0.41774880619583565,0
1.0228725484158412,-0.15559828024646272,0
0.07986227799599821,1.2077582696560283,0
1.6586428933119244,-0.3742914046635132,1
0.9110252954821503,-0.36929197383483825,1
0.1870558134621795,0.4103601156365159,1
1.3264809928467218,-0.20511565831323236,1
-0.7656006043181293,0.0872899367280277,0
0.2735632217672811,0.07362087608418066,1
1.2653154704087552,-0.3088472837660651,1
1.8553347969664853,-0.11825961595142254,1
-0.23228630696950298,1.073461150129836,0
1.7919227414749896,0.2789118047290625,1
-0.8352829071159531,1.1686599089100023,0
-1.0796269728142656,0.5675219523734788,0
1.2871340044061146,0.5356609967210721,0
1.51886577398042,-0.696121353897903,1
-1.4387643341360838,-0.3367483828871963,0
-0.17348085879236713,0.844318539508828,0
1.1153089891800116,-1.1661250665091352,1
1.2428017522602308,-0.03222760574052003,1
0.05301849103866245,0.9552933142233901,0
0.20251694930403843,0.7357192654404341,1
0.013792146676692082,1.017597380954455,0
1.3203930901196732,0.25273192188745863,1
-1.5303855406299258,0.6396599855910385,0
-0.7365265504503415,0.8821238032862794,0
0.5048741096242053,0.6974027761734903,0
1.2112433594286793,0.9998645539397727,0
0.7533438163849044,-0.6266658774286388,1
-0.00011008485993210804,0.8558762027437206,0
-0.37590469056171516,-0.14590593300405852,1
0.8662426823882928,0.3807341986484887,0
-0.6758975550716468,0.2842597842979553,0
-0.0002774874289696583,-0.16822906805316015,1
0.8318385628362743,1.1559356496055717,0
-0.816967631436467,0.5016272595537249,0
0.8276996333798278,-0.6342759846027306,1
0.41729927837350744,0.11384109893315009,1
0.5191205497160324,1.0007624916465683,0
-0.7670048784312551,0.44131919961249166,0
0.44150171007664696,-0.8442671841181582,1
2.2339479425383253,-0.7049763477745363,1
0.6080023034852127,0.2654452887679928,0
1.9424831201645605,-0.3267891825368975,1
-1.29091497340013,0.7680455609475992,0
0.29318028102921856,0.28430122286216586,1
0.8949563477800068,0.2708113234543055,1
1.6183350087700181,0.06417711798279349,0
1.4321603682591526,-0.3835356149428523,1
0.6578766401252941,0.35358857844623226,0
0.21613803889440134,-0.42434906845622183,1
0.3535715890580913,1.3157801058761192,0
0.3061282425737323,0.364786574606287,0
1.7584640576487949,-0.4626434514709229,1
0.2282767431138847,0.46742230231547166,1
1.751288273947205,-0.342361819082157,1
-0.32067936882482984,-0.13078489954679,1
0.2952135656972286,0.10831442657175207,1
0.35625464559242304,-0.42551855137111166,1
-0.9975319047646654,0.7374041944029763,0
0.7724089556927132,-0.8942198492493474,1
0.30057564782958324,0.052587441845256155,1
