label,pixel_0,pixel_1,pixel_2,pixel_3,pixel_4,pixel_5,pixel_6,pixel_7,pixel_8,pixel_9,pixel_10,pixel_11,pixel_12,pixel_13,pixel_14,pixel_15,pixel_16,pixel_17,pixel_18,pixel_19,pixel_20,pixel_21,pixel_22,pixel_23,pixel_24,pixel_25,pixel_26,pixel_27,pixel_28,pixel_29,pixel_30,pixel_31,pixel_32,pixel_33,pixel_34,pixel_35,pixel_36,pixel_37,pixel_38,pixel_39,pixel_40,pixel_41,pixel_42,pixel_43,pixel_44,pixel_45,pixel_46,pixel_47,pixel_48,pixel_49,pixel_50,pixel_51,pixel_52,pixel_53,pixel_54,pixel_55,pixel_56,pixel_57,pixel_58,pixel_59,pixel_60,pixel_61,pixel_62,pixel_63,pixel_64,pixel_65,pixel_66,pixel_67,pixel_68,pixel_69,pixel_70,pixel_71,pixel_72,pixel_73,pixel_74,pixel_75,pixel_76,pixel_77,pixel_78,pixel_79,pixel_80,pixel_81,pixel_82,pixel_83,pixel_84,pixel_85,pixel_86,pixel_87,pixel_88,pixel_89,pixel_90,pixel_91,pixel_92,pixel_93,pixel_94,pixel_95,pixel_96,pixel_97,pixel_98,pixel_99,pixel_100,pixel_101,pixel_102,pixel_103,pixel_104,pixel_105,pixel_106,pixel_107,pixel_108,pixel_109,pixel_110,pixel_111,pixel_112,pixel_113,pixel_114,pixel_115,pixel_116,pixel_117,pixel_118,pixel_119,pixel_120,pixel_121,pixel_122,pixel_123,pixel_124,pixel_125,pixel_126,pixel_127,pixel_128,pixel_129,pixel_130,pixel_131,pixel_132,pixel_133,pixel_134,pixel_135,pixel_136,pixel_137,pixel_138,pixel_139,pixel_140,pixel_141,pixel_142,pixel_143,pixel_144,pixel_145,pixel_146,pixel_147,pixel_148,pixel_149,pixel_150,pixel_151,pixel_152,pixel_153,pixel_154,pixel_155,pixel_156,pixel_157,pixel_158,pixel_159,pixel_160,pixel_161,pixel_162,pixel_163,pixel_164,pixel_165,pixel_166,pixel_167,pixel_168,pixel_169,pixel_170,pixel_171,pixel_172,pixel_173,pixel_174,pixel_175,pixel_176,pixel_177,pixel_178,pixel_179,pixel_180,pixel_181,pixel_182,pixel_183,pixel_184,pixel_185,pixel_186,pixel_187,pixel_188,pixel_189,pixel_190,pixel_191,pixel_192,pixel_193,pixel_194,pixel_195,pixel_196,pixel_197,pixel_198,pixel_199,pixel_200,pixel_201,pixel_202,pixel_203,pixel_204,pixel_205,pixel_206,pixel_207,pixel_208,pixel_209,pixel_210,pixel_211,pixel_212,pixel_213,pixel_214,pixel_215,pixel_216,pixel_217,pixel_218,pixel_219,pixel_220,pixel_221,pixel_222,pixel_223,pixel_224,pixel_225,pixel_226,pixel_227,pixel_228,pixel_229,pixel_230,pixel_231,pixel_232,pixel_233,pixel_234,pixel_235,pixel_236,pixel_237,pixel_238,pixel_239,pixel_240,pixel_241,pixel_242,pixel_243,pixel_244,pixel_245,pixel_246,pixel_247,pixel_248,pixel_249,pixel_250,pixel_251,pixel_252,pixel_253,pixel_254,pixel_255,pixel_256,pixel_257,pixel_258,pixel_259,pixel_260,pixel_261,pixel_262,pixel_263,pixel_264,pixel_265,pixel_266,pixel_267,pixel_268,pixel_269,pixel_270,pixel_271,pixel_272,pixel_273,pixel_274,pixel_275,pixel_276,pixel_277,pixel_278,pixel_279,pixel_280,pixel_281,pixel_282,pixel_283,pixel_284,pixel_285,pixel_286,pixel_287,pixel_288,pixel_289,pixel_290,pixel_291,pixel_292,pixel_293,pixel_294,pixel_295,pixel_296,pixel_297,pixel_298,pixel_299,pixel_300,pixel_301,pixel_302,pixel_303,pixel_304,pixel_305,pixel_306,pixel_307,pixel_308,pixel_309,pixel_310,pixel_311,pixel_312,pixel_313,pixel_314,pixel_315,pixel_316,pixel_317,pixel_318,pixel_319,pixel_320,pixel_321,pixel_322,pixel_323,pixel_324,pixel_325,pixel_326,pixel_327,pixel_328,pixel_329,pixel_330,pixel_331,pixel_332,pixel_333,pixel_334,pixel_335,pixel_336,pixel_337,pixel_338,pixel_339,pixel_340,pixel_341,pixel_342,pixel_343,pixel_344,pixel_345,pixel_346,pixel_347,pixel_348,pixel_349,pixel_350,pixel_351,pixel_352,pixel_353,pixel_354,pixel_355,pixel_356,pixel_357,pixel_358,pixel_359,pixel_360,pixel_361,pixel_362,pixel_363,pixel_364,pixel_365,pixel_366,pixel_367,pixel_368,pixel_369,pixel_370,pixel_371,pixel_372,pixel_373,pixel_374,pixel_375,pixel_376,pixel_377,pixel_378,pixel_379,pixel_380,pixel_381,pixel_382,pixel_383,pixel_384,pixel_385,pixel_386,pixel_387,pixel_388,pixel_389,pixel_390,pixel_391,pixel_392,pixel_393,pixel_394,pixel_395,pixel_396,pixel_397,pixel_398,pixel_399,pixel_400,pixel_401,pixel_402,pixel_403,pixel_404,pixel_405,pixel_406,pixel_407,pixel_408,pixel_409,pixel_410,pixel_411,pixel_412,pixel_413,pixel_414,pixel_415,pixel_416,pixel_417,pixel_418,pixel_419,pixel_420,pixel_421,pixel_422,pixel_423,pixel_424,pixel_425,pixel_426,pixel_427,pixel_428,pixel_429,pixel_430,pixel_431,pixel_432,pixel_433,pixel_434,pixel_435,pixel_436,pixel_437,pixel_438,pixel_439,pixel_440,pixel_441,pixel_442,pixel_443,pixel_444,pixel_445,pixel_446,pixel_447,pixel_448,pixel_449,pixel_450,pixel_451,pixel_452,pixel_453,pixel_454,pixel_455,pixel_456,pixel_457,pixel_458,pixel_459,pixel_460,pixel_461,pixel_462,pixel_463,pixel_464,pixel_465,pixel_466,pixel_467,pixel_468,pixel_469,pixel_470,pixel_471,pixel_472,pixel_473,pixel_474,pixel_475,pixel_476,pixel_477,pixel_478,pixel_479,pixel_480,pixel_481,pixel_482,pixel_483,pixel_484,pixel_485,pixel_486,pixel_487,pixel_488,pixel_489,pixel_490,pixel_491,pixel_492,pixel_493,pixel_494,pixel_495,pixel_496,pixel_497,pixel_498,pixel_499,pixel_500,pixel_501,pixel_502,pixel_503,pixel_504,pixel_505,pixel_506,pixel_507,pixel_508,pixel_509,pixel_510,pixel_511,pixel_512,pixel_513,pixel_514,pixel_515,pixel_516,pixel_517,pixel_518,pixel_519,pixel_520,pixel_521,pixel_522,pixel_523,pixel_524,pixel_525,pixel_526,pixel_527,pixel_528,pixel_529,pixel_530,pixel_531,pixel_532,pixel_533,pixel_534,pixel_535,pixel_536,pixel_537,pixel_538,pixel_539,pixel_540,pixel_541,pixel_542,pixel_543,pixel_544,pixel_545,pixel_546,pixel_547,pixel_548,pixel_549,pixel_550,pixel_551,pixel_552,pixel_553,pixel_554,pixel_555,pixel_556,pixel_557,pixel_558,pixel_559,pixel_560,pixel_561,pixel_562,pixel_563,pixel_564,pixel_565,pixel_566,pixel_567,pixel_568,pixel_569,pixel_570,pixel_571,pixel_572,pixel_573,pixel_574,pixel_575,pixel_576,pixel_577,pixel_578,pixel_579,pixel_580,pixel_581,pixel_582,pixel_583,pixel_584,pixel_585,pixel_586,pixel_587,pixel_588,pixel_589,pixel_590,pixel_591,pixel_592,pixel_593,pixel_594,pixel_595,pixel_596,pixel_597,pixel_598,pixel_599,pixel_600,pixel_601,pixel_602,pixel_603,pixel_604,pixel_605,pixel_606,pixel_607,pixel_608,pixel_609,pixel_610,pixel_611,pixel_612,pixel_613,pixel_614,pixel_615,pixel_616,pixel_617,pixel_618,pixel_619,pixel_620,pixel_621,pixel_622,pixel_623,pixel_624,pixel_625,pixel_626,pixel_627,pixel_628,pixel_629,pixel_630,pixel_631,pixel_632,pixel_633,pixel_634,pixel_635,pixel_636,pixel_637,pixel_638,pixel_639,pixel_640,pixel_641,pixel_642,pixel_643,pixel_644,pixel_645,pixel_646,pixel_647,pixel_648,pixel_649,pixel_650,pixel_651,pixel_652,pixel_653,pixel_654,pixel_655,pixel_656,pixel_657,pixel_658,pixel_659,pixel_660,pixel_661,pixel_662,pixel_663,pixel_664,pixel_665,pixel_666,pixel_667,pixel_668,pixel_669,pixel_670,pixel_671,pixel_672,pixel_673,pixel_674,pixel_675,pixel_676,pixel_677,pixel_678,pixel_679,pixel_680,pixel_681,pixel_682,pixel_683,pixel_684,pixel_685,pixel_686,pixel_687,pixel_688,pixel_689,pixel_690,pixel_691,pixel_692,pixel_693,pixel_694,pixel_695,pixel_696,pixel_697,pixel_698,pixel_699,pixel_700,pixel_701,pixel_702,pixel_703,pixel_704,pixel_705,pixel_706,pixel_707,pixel_708,pixel_709,pixel_710,pixel_711,pixel_712,pixel_713,pixel_714,pixel_715,pixel_716,pixel_717,pixel_718,pixel_719,pixel_720,pixel_721,pixel_722,pixel_723,pixel_724,pixel_725,pixel_726,pixel_727,pixel_728,pixel_729,pixel_730,pixel_731,pixel_732,pixel_733,pixel_734,pixel_735,pixel_736,pixel_737,pixel_738,pixel_739,pixel_740,pixel_741,pixel_742,pixel_743,pixel_744,pixel_745,pixel_746,pixel_747,pixel_748,pixel_749,pixel_750,pixel_751,pixel_752,pixel_753,pixel_754,pixel_755,pixel_756,pixel_757,pixel_758,pixel_759,pixel_760,pixel_761,pixel_762,pixel_763,pixel_764,pixel_765,pixel_766,pixel_767,pixel_768,pixel_769,pixel_770,pixel_771,pixel_772,pixel_773,pixel_774,pixel_775,pixel_776,pixel_777,pixel_778,pixel_779,pixel_780,pixel_781,pixel_782,pixel_783
0,0,0,0,0,0,0,0,0,0,0,0,0,0,0,0,0,0,0,0,0,0,0,0,0,0,0,0,0,0,0,0,0,0,0,0,0,0,0,0,0,0,0,0,0,0,0,0,0,0,0,0,0,0,0,0,0,0,0,0,0,0,0,0,0,0,0,0,0,0,0,0,0,0,0,0,0,0,0,0,0,0,0,0,0,0,0,0,0,0,0,0,0,0,0,0,0,0,0,0,0,0,0,0,0,0,0,0,0,0,0,0,0,0,0,0,0,0,0,0,0,0,0,0,0,0,0,0,0,0,0,0,0,0,0,0,0,0,0,0,0,0,0,0,0,0,0,0,0,0,0,0,0,0,0,36,146,254,255,251,95,6,0,0,0,0,0,0,0,0,0,0,0,0,0,0,0,0,0,0,0,3,97,234,254,254,232,254,254,35,0,0,0,0,0,0,0,0,0,0,0,0,0,0,0,0,0,0,89,140,254,254,174,67,33,200,254,190,0,0,0,0,0,0,0,0,0,0,0,0,0,0,0,0,0,108,253,254,235,51,1,0,0,12,254,253,56,0,0,0,0,0,0,0,0,0,0,0,0,0,0,0,12,216,254,244,55,0,0,0,0,6,213,254,57,0,0,0,0,0,0,0,0,0,0,0,0,0,0,0,25,254,254,132,0,0,0,0,0,0,168,254,57,0,0,0,0,0,0,0,0,0,0,0,0,0,0,0,45,254,243,34,0,0,0,0,0,0,168,254,57,0,0,0,0,0,0,0,0,0,0,0,0,0,0,0,128,254,157,0,0,0,0,0,0,0,168,254,57,0,0,0,0,0,0,0,0,0,0,0,0,0,0,19,228,254,105,0,0,0,0,0,0,7,228,254,57,0,0,0,0,0,0,0,0,0,0,0,0,0,0,58,254,254,87,0,0,0,0,0,0,10,254,246,47,0,0,0,0,0,0,0,0,0,0,0,0,0,0,58,254,254,9,0,0,0,0,0,0,10,254,210,0,0,0,0,0,0,0,0,0,0,0,0,0,0,0,58,254,254,9,0,0,0,0,0,0,105,254,91,0,0,0,0,0,0,0,0,0,0,0,0,0,0,0,5,219,254,9,0,0,0,0,0,24,230,254,24,0,0,0,0,0,0,0,0,0,0,0,0,0,0,0,0,216,254,9,0,0,0,0,0,84,254,251,23,0,0,0,0,0,0,0,0,0,0,0,0,0,0,0,0,216,254,36,0,0,0,0,22,208,251,94,0,0,0,0,0,0,0,0,0,0,0,0,0,0,0,0,0,129,254,120,0,0,0,3,140,254,229,0,0,0,0,0,0,0,0,0,0,0,0,0,0,0,0,0,0,83,254,222,17,0,0,91,254,236,53,0,0,0,0,0,0,0,0,0,0,0,0,0,0,0,0,0,0,18,235,254,134,21,119,237,254,124,0,0,0,0,0,0,0,0,0,0,0,0,0,0,0,0,0,0,0,0,53,249,254,234,252,254,172,3,0,0,0,0,0,0,0,0,0,0,0,0,0,0,0,0,0,0,0,0,0,116,237,254,254,133,20,0,0,0,0,0,0,0,0,0,0,0,0,0,0,0,0,0,0,0,0,0,0,0,0,0,0,0,0,0,0,0,0,0,0,0,0,0,0,0,0,0,0,0,0,0,0,0,0,0,0,0,0,0,0,0,0,0,0,0,0,0,0,0,0,0,0,0,0,0,0,0,0,0,0,0,0,0,0,0,0,0,0,0,0,0,0,0,0,0,0,0,0,0,0,0
7,0,0,0,0,0,0,0,0,0,0,0,0,0,0,0,0,0,0,0,0,0,0,0,0,0,0,0,0,0,0,0,0,0,0,0,0,0,0,0,0,0,0,0,0,0,0,0,0,0,0,0,0,0,0,0,0,0,0,0,0,0,0,0,0,0,0,0,0,0,0,0,0,0,0,0,0,0,0,0,0,0,0,0,0,0,0,0,0,0,0,0,0,0,0,0,0,0,0,0,0,0,0,0,0,0,0,0,0,0,0,0,0,0,0,0,0,0,0,0,0,0,0,0,0,0,0,0,0,0,0,0,0,0,0,0,0,0,0,0,0,0,0,0,0,0,0,0,0,0,0,0,0,0,0,0,0,0,0,0,0,0,0,0,0,0,0,0,0,0,0,0,0,0,0,0,0,0,0,0,1,13,7,0,0,0,0,0,0,2,93,244,207,8,0,0,0,0,0,0,0,0,0,0,0,0,0,15,157,254,197,0,0,0,0,0,18,131,254,254,248,11,0,0,0,0,0,0,0,0,0,0,0,0,9,220,254,254,230,104,0,0,0,65,216,254,254,254,218,8,0,0,0,0,0,0,0,0,0,0,0,0,169,254,254,231,126,40,11,70,180,254,254,254,254,254,90,0,0,0,0,0,0,0,0,0,0,0,40,183,251,254,226,81,70,180,229,254,254,254,254,254,254,115,3,0,0,0,0,0,0,0,0,0,0,7,208,254,254,255,254,254,254,255,254,254,254,254,254,254,190,3,0,0,0,0,0,0,0,0,0,0,0,53,254,254,254,254,254,253,250,212,169,125,167,254,254,241,35,0,0,0,0,0,0,0,0,0,0,0,0,150,254,254,181,77,77,48,0,0,0,128,254,254,253,57,0,0,0,0,0,0,0,0,0,0,0,0,0,14,157,195,29,0,0,0,0,0,75,248,254,254,139,0,0,0,0,0,0,0,0,0,0,0,0,0,0,0,0,0,0,0,0,0,0,59,217,254,254,170,15,0,0,0,0,0,0,0,0,0,0,0,0,0,0,0,0,0,0,0,0,0,15,217,254,254,214,15,0,0,0,0,0,0,0,0,0,0,0,0,0,0,0,0,0,0,0,0,0,5,113,254,254,238,55,0,0,0,0,0,0,0,0,0,0,0,0,0,0,0,0,0,0,0,0,0,2,89,254,254,239,81,0,0,0,0,0,0,0,0,0,0,0,0,0,0,0,0,0,0,0,0,0,0,141,254,254,240,106,0,0,0,0,0,0,0,0,0,0,0,0,0,0,0,0,0,0,0,0,0,0,66,252,254,252,145,0,0,0,0,0,0,0,0,0,0,0,0,0,0,0,0,0,0,0,0,0,0,68,250,254,252,171,0,0,0,0,0,0,0,0,0,0,0,0,0,0,0,0,0,0,0,0,0,0,54,249,254,254,210,0,0,0,0,0,0,0,0,0,0,0,0,0,0,0,0,0,0,0,0,0,0,56,223,254,254,189,11,0,0,0,0,0,0,0,0,0,0,0,0,0,0,0,0,0,0,0,0,0,63,231,254,254,211,11,0,0,0,0,0,0,0,0,0,0,0,0,0,0,0,0,0,0,0,0,0,34,226,254,254,209,21,0,0,0,0,0,0,0,0,0,0,0,0,0,0,0,0,0,0,0,0,0,0,0,0,0,0,0,0,0,0,0,0,0,0,0,0,0,0,0,0,0,0,0,0,0,0,0,0,0,0,0,0,0,0,0,0,0,0,0,0,0,0,0,0,0,0,0,0,0,0,0,0,0
1,0,0,0,0,0,0,0,0,0,0,0,0,0,0,0,0,0,0,0,0,0,0,0,0,0,0,0,0,0,0,0,0,0,0,0,0,0,0,0,0,0,0,0,0,0,0,0,0,0,0,0,0,0,0,0,0,0,0,0,0,0,0,0,0,0,0,0,0,0,0,0,0,0,0,0,0,0,0,0,0,0,0,0,0,0,0,0,0,0,0,0,0,0,0,0,0,0,0,0,0,0,0,0,0,0,0,0,0,0,0,0,0,0,0,0,0,0,0,0,0,0,0,0,0,0,0,172,189,0,0,0,0,0,0,0,0,0,0,0,0,0,0,0,0,0,0,0,0,0,0,0,0,0,0,250,149,0,0,0,0,0,0,0,0,0,0,0,0,0,0,0,0,0,0,0,0,0,0,0,0,0,0,250,149,0,0,0,0,0,0,0,0,0,0,0,0,0,0,0,0,0,0,0,0,0,0,0,0,0,0,250,149,0,0,0,0,0,0,0,0,0,0,0,0,0,0,0,0,0,0,0,0,0,0,0,0,0,0,250,149,0,0,0,0,0,0,0,0,0,0,0,0,0,0,0,0,0,0,0,0,0,0,0,0,0,0,250,149,0,0,0,0,0,0,0,0,0,0,0,0,0,0,0,0,0,0,0,0,0,0,0,0,0,0,250,149,0,0,0,0,0,0,0,0,0,0,0,0,0,0,0,0,0,0,0,0,0,0,0,0,0,91,254,55,0,0,0,0,0,0,0,0,0,0,0,0,0,0,0,0,0,0,0,0,0,0,0,0,0,96,255,87,0,0,0,0,0,0,0,0,0,0,0,0,0,0,0,0,0,0,0,0,0,0,0,0,0,77,254,149,0,0,0,0,0,0,0,0,0,0,0,0,0,0,0,0,0,0,0,0,0,0,0,0,0,0,250,149,0,0,0,0,0,0,0,0,0,0,0,0,0,0,0,0,0,0,0,0,0,0,0,0,0,0,250,149,0,0,0,0,0,0,0,0,0,0,0,0,0,0,0,0,0,0,0,0,0,0,0,0,0,0,250,155,0,0,0,0,0,0,0,0,0,0,0,0,0,0,0,0,0,0,0,0,0,0,0,0,0,0,183,249,0,0,0,0,0,0,0,0,0,0,0,0,0,0,0,0,0,0,0,0,0,0,0,0,0,0,150,252,47,0,0,0,0,0,0,0,0,0,0,0,0,0,0,0,0,0,0,0,0,0,0,0,0,0,150,254,95,0,0,0,0,0,0,0,0,0,0,0,0,0,0,0,0,0,0,0,0,0,0,0,0,0,150,254,82,0,0,0,0,0,0,0,0,0,0,0,0,0,0,0,0,0,0,0,0,0,0,0,0,0,225,249,0,0,0,0,0,0,0,0,0,0,0,0,0,0,0,0,0,0,0,0,0,0,0,0,0,0,250,192,0,0,0,0,0,0,0,0,0,0,0,0,0,0,0,0,0,0,0,0,0,0,0,0,0,0,250,149,0,0,0,0,0,0,0,0,0,0,0,0,0,0,0,0,0,0,0,0,0,0,0,0,0,0,0,0,0,0,0,0,0,0,0,0,0,0,0,0,0,0,0,0,0,0,0,0,0,0,0,0,0,0,0,0,0,0,0,0,0,0,0,0,0,0,0,0,0,0,0,0,0,0,0,0,0,0,0,0,0,0,0,0,0,0,0,0,0,0,0,0,0,0,0,0,0,0,0,0,0,0,0,0,0,0,0,0,0,0,0,0,0,0,0,0,0,0,0,0,0,0,0,0
1,0,0,0,0,0,0,0,0,0,0,0,0,0,0,0,0,0,0,0,0,0,0,0,0,0,0,0,0,0,0,0,0,0,0,0,0,0,0,0,0,0,0,0,0,0,0,0,0,0,0,0,0,0,0,0,0,0,0,0,0,0,0,0,0,0,0,0,0,0,0,0,0,0,0,0,0,0,0,0,0,0,0,0,0,0,0,0,0,0,0,0,0,0,0,0,0,0,0,0,0,0,0,0,0,0,0,0,0,0,0,0,0,0,0,0,0,0,0,0,0,0,0,0,0,0,0,0,0,0,0,0,32,213,139,0,0,0,0,0,0,0,0,0,0,0,0,0,0,0,0,0,0,0,0,0,0,0,0,21,197,254,160,0,0,0,0,0,0,0,0,0,0,0,0,0,0,0,0,0,0,0,0,0,0,0,0,192,254,249,73,0,0,0,0,0,0,0,0,0,0,0,0,0,0,0,0,0,0,0,0,0,0,0,105,254,253,134,0,0,0,0,0,0,0,0,0,0,0,0,0,0,0,0,0,0,0,0,0,0,0,27,233,254,191,0,0,0,0,0,0,0,0,0,0,0,0,0,0,0,0,0,0,0,0,0,0,0,0,192,253,233,26,0,0,0,0,0,0,0,0,0,0,0,0,0,0,0,0,0,0,0,0,0,0,6,161,255,254,63,0,0,0,0,0,0,0,0,0,0,0,0,0,0,0,0,0,0,0,0,0,0,0,120,253,254,128,0,0,0,0,0,0,0,0,0,0,0,0,0,0,0,0,0,0,0,0,0,0,0,32,234,254,187,11,0,0,0,0,0,0,0,0,0,0,0,0,0,0,0,0,0,0,0,0,0,0,11,186,254,211,32,0,0,0,0,0,0,0,0,0,0,0,0,0,0,0,0,0,0,0,0,0,0,0,99,254,249,73,0,0,0,0,0,0,0,0,0,0,0,0,0,0,0,0,0,0,0,0,0,0,0,21,244,253,134,0,0,0,0,0,0,0,0,0,0,0,0,0,0,0,0,0,0,0,0,0,0,0,6,182,255,191,0,0,0,0,0,0,0,0,0,0,0,0,0,0,0,0,0,0,0,0,0,0,0,0,182,253,233,26,0,0,0,0,0,0,0,0,0,0,0,0,0,0,0,0,0,0,0,0,0,0,0,84,255,254,105,0,0,0,0,0,0,0,0,0,0,0,0,0,0,0,0,0,0,0,0,0,0,0,11,197,254,191,0,0,0,0,0,0,0,0,0,0,0,0,0,0,0,0,0,0,0,0,0,0,0,1,150,254,228,21,0,0,0,0,0,0,0,0,0,0,0,0,0,0,0,0,0,0,0,0,0,0,0,63,253,253,83,0,0,0,0,0,0,0,0,0,0,0,0,0,0,0,0,0,0,0,0,0,0,0,16,213,254,171,0,0,0,0,0,0,0,0,0,0,0,0,0,0,0,0,0,0,0,0,0,0,0,0,161,253,211,26,0,0,0,0,0,0,0,0,0,0,0,0,0,0,0,0,0,0,0,0,0,0,0,0,0,0,0,0,0,0,0,0,0,0,0,0,0,0,0,0,0,0,0,0,0,0,0,0,0,0,0,0,0,0,0,0,0,0,0,0,0,0,0,0,0,0,0,0,0,0,0,0,0,0,0,0,0,0,0,0,0,0,0,0,0,0,0,0,0,0,0,0,0,0,0,0,0,0,0,0,0,0,0,0,0,0,0,0,0,0,0,0,0,0,0,0,0,0,0,0,0,0,0,0,0,0,0,0,0,0
4,0,0,0,0,0,0,0,0,0,0,0,0,0,0,0,0,0,0,0,0,0,0,0,0,0,0,0,0,0,0,0,0,0,0,0,0,0,0,0,0,0,0,0,0,0,0,0,0,0,0,0,0,0,0,0,0,0,0,0,0,0,0,0,0,0,0,0,0,0,0,0,0,0,0,0,0,0,0,0,0,0,0,0,0,0,0,0,0,0,0,0,0,0,0,0,0,0,0,0,0,0,0,0,0,0,0,0,0,0,0,0,0,0,0,0,0,0,0,0,0,0,0,0,0,0,0,0,0,0,0,0,0,0,0,0,0,0,0,0,0,0,0,0,0,0,0,0,0,0,0,0,0,0,0,0,0,226,57,0,0,0,0,0,0,0,0,0,0,0,0,0,0,0,0,0,0,0,0,0,0,0,0,0,86,255,86,0,0,0,0,0,0,0,0,0,0,0,0,0,0,0,0,0,0,0,0,0,0,0,0,0,0,255,86,0,0,0,0,0,0,0,0,0,0,0,0,0,0,0,0,0,114,86,0,0,0,0,0,0,57,255,86,0,0,0,0,0,0,0,0,0,0,0,0,0,0,0,0,0,170,226,86,0,0,0,0,0,0,255,86,0,0,0,0,0,0,0,0,0,0,0,0,0,0,0,0,0,0,170,198,0,0,0,0,0,57,255,114,0,0,0,0,0,0,0,0,0,0,0,0,0,0,0,0,0,0,86,255,141,0,0,0,0,114,255,86,0,0,0,0,0,0,0,0,0,0,0,0,0,0,0,0,0,0,0,141,255,170,0,0,86,255,255,86,0,0,0,0,0,0,0,0,0,0,0,0,0,0,0,0,0,0,0,0,170,255,198,170,226,255,255,86,0,0,0,0,0,0,0,0,0,0,0,0,0,0,0,0,0,0,0,0,0,170,255,255,198,57,255,86,0,0,0,0,0,0,0,0,0,0,0,0,0,0,0,0,0,0,0,0,0,0,0,0,0,0,255,86,0,0,0,0,0,0,0,0,0,0,0,0,0,0,0,0,0,0,0,0,0,0,0,0,0,0,255,170,0,0,0,0,0,0,0,0,0,0,0,0,0,0,0,0,0,0,0,0,0,0,0,0,0,0,255,170,0,0,0,0,0,0,0,0,0,0,0,0,0,0,0,0,0,0,0,0,0,0,0,0,0,0,255,170,0,0,0,0,0,0,0,0,0,0,0,0,0,0,0,0,0,0,0,0,0,0,0,0,0,0,198,226,57,0,0,0,0,0,0,0,0,0,0,0,0,0,0,0,0,0,0,0,0,0,0,0,0,0,141,255,86,0,0,0,0,0,0,0,0,0,0,0,0,0,0,0,0,0,0,0,0,0,0,0,0,0,114,255,29,0,0,0,0,0,0,0,0,0,0,0,0,0,0,0,0,0,0,0,0,0,0,0,0,0,86,255,57,0,0,0,0,0,0,0,0,0,0,0,0,0,0,0,0,0,0,0,0,0,0,0,0,0,86,255,0,0,0,0,0,0,0,0,0,0,0,0,0,0,0,0,0,0,0,0,0,0,0,0,0,0,86,255,86,0,0,0,0,0,0,0,0,0,0,0,0,0,0,0,0,0,0,0,0,0,0,0,0,0,0,0,0,0,0,0,0,0,0,0,0,0,0,0,0,0,0,0,0,0,0,0,0,0,0,0,0,0,0,0,0,0,0,0,0,0,0,0,0,0,0,0,0,0,0,0,0,0,0,0,0,0,0,0,0,0,0,0,0,0,0,0,0,0,0,0,0,0
9,0,0,0,0,0,0,0,0,0,0,0,0,0,0,0,0,0,0,0,0,0,0,0,0,0,0,0,0,0,0,0,0,0,0,0,0,0,0,0,0,0,0,0,0,0,0,0,0,0,0,0,0,0,0,0,0,0,0,0,0,0,0,0,0,0,0,0,0,0,0,0,0,0,0,0,0,0,0,0,0,0,0,0,0,0,0,0,0,0,0,0,0,0,0,0,0,0,0,0,0,0,0,0,0,0,0,0,0,0,0,0,0,0,0,0,0,0,0,0,0,0,0,0,0,0,0,0,0,0,0,0,0,0,0,0,0,0,0,0,0,0,0,0,0,0,0,0,0,0,0,0,0,0,0,0,0,0,0,0,0,0,0,0,0,0,0,0,0,0,0,0,0,0,0,0,0,0,0,0,0,0,0,0,6,111,189,254,254,250,104,3,2,0,0,0,0,0,0,0,0,0,0,0,0,0,0,0,0,0,0,80,214,253,253,253,253,254,245,202,150,0,0,0,0,0,0,0,0,0,0,0,0,0,0,0,0,79,171,250,254,232,165,57,97,239,253,253,189,0,0,0,0,0,0,0,0,0,0,0,0,0,0,0,93,247,253,253,130,18,0,0,20,219,253,253,169,0,0,0,0,0,0,0,0,0,0,0,0,0,0,90,249,253,208,50,0,0,0,45,208,254,253,238,51,0,0,0,0,0,0,0,0,0,0,0,0,4,165,255,252,183,10,0,0,7,96,244,254,255,252,168,0,0,0,0,0,0,0,0,0,0,0,0,21,171,253,252,120,0,0,20,166,218,253,253,253,242,144,0,0,0,0,0,0,0,0,0,0,0,0,0,152,253,238,94,0,24,137,235,254,253,253,253,253,55,0,0,0,0,0,0,0,0,0,0,0,0,0,28,247,237,106,94,177,237,253,253,250,217,253,253,208,0,0,0,0,0,0,0,0,0,0,0,0,0,0,131,253,229,208,254,253,253,253,128,40,161,253,253,50,0,0,0,0,0,0,0,0,0,0,0,0,0,0,191,254,254,254,255,232,143,35,0,51,254,254,175,5,0,0,0,0,0,0,0,0,0,0,0,0,0,0,93,237,245,196,113,16,0,0,10,209,253,247,28,0,0,0,0,0,0,0,0,0,0,0,0,0,0,0,0,24,36,0,0,0,0,0,144,254,253,102,0,0,0,0,0,0,0,0,0,0,0,0,0,0,0,0,0,0,0,0,0,0,0,56,237,254,205,6,0,0,0,0,0,0,0,0,0,0,0,0,0,0,0,0,0,0,0,0,0,0,15,202,253,249,48,0,0,0,0,0,0,0,0,0,0,0,0,0,0,0,0,0,0,0,0,0,0,0,132,254,254,129,0,0,0,0,0,0,0,0,0,0,0,0,0,0,0,0,0,0,0,0,0,0,0,84,241,253,208,20,0,0,0,0,0,0,0,0,0,0,0,0,0,0,0,0,0,0,0,0,0,0,63,207,253,241,52,0,0,0,0,0,0,0,0,0,0,0,0,0,0,0,0,0,0,0,0,0,0,65,219,253,253,101,0,0,0,0,0,0,0,0,0,0,0,0,0,0,0,0,0,0,0,0,0,0,65,243,254,253,109,2,0,0,0,0,0,0,0,0,0,0,0,0,0,0,0,0,0,0,0,0,0,0,0,0,0,0,0,0,0,0,0,0,0,0,0,0,0,0,0,0,0,0,0,0,0,0,0,0,0,0,0,0,0,0,0,0,0,0,0,0,0,0,0,0,0,0,0,0,0,0
4,0,0,0,0,0,0,0,0,0,0,0,0,0,0,0,0,0,0,0,0,0,0,0,0,0,0,0,0,0,0,0,0,0,0,0,0,0,0,0,0,0,0,0,0,0,0,0,0,0,0,0,0,0,0,0,0,0,0,0,0,0,0,0,0,0,0,0,0,0,0,0,0,0,0,0,0,0,0,0,0,0,0,0,0,0,0,0,0,0,0,0,0,0,0,0,0,0,0,0,0,0,0,0,0,0,0,0,0,0,0,0,0,0,0,0,0,0,0,0,0,0,0,0,0,0,0,0,0,0,0,0,0,0,0,0,0,0,0,0,0,0,0,0,0,0,0,0,0,0,0,0,0,0,0,0,0,0,202,255,84,0,0,0,0,0,0,0,0,0,0,0,0,0,0,0,0,0,0,0,0,0,0,0,0,22,227,254,120,0,0,0,0,0,0,0,0,0,0,0,0,0,0,0,0,0,0,0,0,0,0,0,0,44,254,254,85,0,0,0,0,0,0,0,0,0,0,0,0,0,0,0,0,6,127,170,10,0,0,0,0,44,254,254,24,0,0,0,0,0,0,0,0,0,0,0,0,0,0,0,0,151,254,228,23,0,0,0,0,89,254,247,21,0,0,0,0,0,0,0,0,0,0,0,0,0,0,0,0,216,254,201,0,0,0,0,0,139,254,181,0,0,0,0,0,0,0,0,0,0,0,0,0,0,0,0,0,160,254,201,0,0,0,0,0,139,254,181,0,0,0,0,0,0,0,0,0,0,0,0,0,0,0,0,0,113,254,225,20,0,0,0,0,139,254,181,0,0,0,0,0,0,0,0,0,0,0,0,0,0,0,0,0,25,254,254,43,0,0,0,0,170,254,150,0,0,0,0,0,0,0,0,0,0,0,0,0,0,0,0,0,11,213,254,133,0,0,3,49,239,254,86,0,0,0,0,0,0,0,0,0,0,0,0,0,0,0,0,0,0,177,254,144,0,9,65,254,254,254,86,0,0,0,0,0,0,0,0,0,0,0,0,0,0,0,0,0,0,61,251,247,136,219,244,133,254,254,86,0,0,0,0,0,0,0,0,0,0,0,0,0,0,0,0,0,0,0,192,254,254,245,90,77,254,254,86,0,0,0,0,0,0,0,0,0,0,0,0,0,0,0,0,0,0,0,31,132,81,43,0,77,254,253,83,0,0,0,0,0,0,0,0,0,0,0,0,0,0,0,0,0,0,0,0,0,0,0,0,77,254,244,0,0,0,0,0,0,0,0,0,0,0,0,0,0,0,0,0,0,0,0,0,0,0,0,0,128,254,244,0,0,0,0,0,0,0,0,0,0,0,0,0,0,0,0,0,0,0,0,0,0,0,0,1,174,254,169,0,0,0,0,0,0,0,0,0,0,0,0,0,0,0,0,0,0,0,0,0,0,0,0,15,254,254,87,0,0,0,0,0,0,0,0,0,0,0,0,0,0,0,0,0,0,0,0,0,0,0,0,13,243,254,174,0,0,0,0,0,0,0,0,0,0,0,0,0,0,0,0,0,0,0,0,0,0,0,0,0,136,254,112,0,0,0,0,0,0,0,0,0,0,0,0,0,0,0,0,0,0,0,0,0,0,0,0,0,0,0,0,0,0,0,0,0,0,0,0,0,0,0,0,0,0,0,0,0,0,0,0,0,0,0,0,0,0,0,0,0,0,0,0,0,0,0,0,0,0,0,0,0,0,0,0,0,0,0,0,0,0,0,0,0,0,0,0,0,0,0,0,0,0,0,0,0,0
3,0,0,0,0,0,0,0,0,0,0,0,0,0,0,0,0,0,0,0,0,0,0,0,0,0,0,0,0,0,0,0,0,0,0,0,0,0,0,0,0,0,0,0,0,0,0,0,0,0,0,0,0,0,0,0,0,0,0,0,0,0,0,0,0,0,0,0,0,0,0,0,0,0,0,0,0,0,0,0,0,0,0,0,0,0,0,0,0,0,0,0,0,0,0,0,0,0,0,0,0,0,0,0,0,0,0,0,0,0,0,0,0,0,0,0,0,0,0,0,0,0,0,0,0,0,0,0,0,0,0,0,0,0,0,0,0,0,0,0,0,0,0,0,0,0,0,0,0,0,0,0,0,0,0,0,0,0,0,0,0,0,0,0,0,0,0,0,0,0,0,0,0,0,0,0,0,0,0,0,0,0,1,5,49,106,171,247,255,157,1,0,0,0,0,0,0,0,0,0,0,0,0,0,0,0,0,0,7,76,173,254,254,254,254,254,254,254,12,0,0,0,0,0,0,0,0,0,0,0,0,0,0,0,18,133,238,254,254,254,254,254,254,254,254,223,8,0,0,0,0,0,0,0,0,0,0,0,0,0,0,0,192,254,254,254,240,194,153,114,244,254,249,38,0,0,0,0,0,0,0,0,0,0,0,0,0,0,0,0,176,233,194,83,12,0,106,245,254,249,62,0,0,0,0,0,0,0,0,0,0,0,0,0,0,0,0,0,0,0,0,0,5,137,245,254,220,55,0,0,0,0,0,0,0,0,0,0,0,0,0,0,0,0,0,0,0,0,4,97,191,254,254,220,35,0,0,0,0,0,0,0,0,0,0,0,0,0,0,0,0,0,0,0,0,36,190,254,254,254,254,207,36,0,0,0,0,0,0,0,0,0,0,0,0,0,0,0,0,0,0,35,129,242,254,254,254,254,254,254,242,32,0,0,0,0,0,0,0,0,0,0,0,0,0,0,0,0,64,220,254,254,254,254,233,212,212,248,254,186,4,0,0,0,0,0,0,0,0,0,0,0,0,0,0,0,183,254,254,248,197,85,21,0,0,109,254,254,21,0,0,0,0,0,0,0,0,0,0,0,0,0,0,0,121,203,132,33,0,0,0,0,0,55,254,254,21,0,0,0,0,0,0,0,0,0,0,0,0,0,0,0,0,0,0,0,0,0,0,0,0,172,254,220,10,0,0,0,0,0,0,0,0,0,0,0,0,0,0,0,0,0,0,0,0,0,0,0,84,250,254,71,0,0,0,0,0,0,0,0,0,0,0,0,0,0,0,0,0,0,0,0,0,0,0,27,238,254,180,3,0,0,0,0,0,0,0,0,0,0,0,0,0,0,0,0,0,0,0,0,0,0,12,183,254,199,19,0,0,0,0,0,0,0,0,0,0,0,0,0,0,0,0,0,0,0,0,0,0,0,171,254,254,66,0,0,0,0,0,0,0,0,0,0,0,0,0,0,0,0,0,0,0,0,0,0,10,155,252,254,129,2,0,0,0,0,0,0,0,0,0,0,0,0,0,0,0,0,0,0,0,0,0,10,184,254,254,198,14,0,0,0,0,0,0,0,0,0,0,0,0,0,0,0,0,0,0,9,167,174,250,251,254,254,199,16,0,0,0,0,0,0,0,0,0,0,0,0,0,0,0,0,0,0,0,0,0,0,0,0,0,0,0,0,0,0,0,0,0,0,0,0,0,0,0,0,0,0,0,0,0,0,0,0,0,0,0,0,0,0,0,0,0,0,0,0,0,0,0,0,0,0,0,0,0
4,0,0,0,0,0,0,0,0,0,0,0,0,0,0,0,0,0,0,0,0,0,0,0,0,0,0,0,0,0,0,0,0,0,0,0,0,0,0,0,0,0,0,0,0,0,0,0,0,0,0,0,0,0,0,0,0,0,0,0,0,0,0,0,0,0,0,0,0,0,0,0,0,0,0,0,0,0,0,0,0,0,0,0,0,0,0,0,0,0,0,0,0,0,0,0,0,0,0,0,0,0,0,0,0,0,0,0,0,0,0,0,0,0,0,0,0,0,0,0,0,0,0,0,0,0,0,0,0,0,0,0,0,0,0,0,0,0,0,0,0,0,0,0,0,0,0,0,0,0,0,0,0,0,0,0,0,0,0,0,0,0,0,0,0,0,0,0,0,0,0,0,0,0,0,0,0,0,0,0,0,0,0,0,0,0,0,0,0,106,247,185,0,0,0,0,0,0,0,0,0,0,0,0,0,24,35,0,0,0,0,0,0,0,0,0,72,247,253,250,50,0,0,0,0,0,0,0,0,0,0,0,32,213,240,92,0,0,0,0,0,0,0,3,191,254,253,234,46,0,0,0,0,0,0,0,0,0,0,0,133,253,253,181,0,0,0,0,0,0,0,128,253,254,253,120,0,0,0,0,0,0,0,0,0,0,0,0,217,253,253,148,0,0,0,0,0,0,14,218,253,254,149,11,0,0,0,0,0,0,0,0,0,0,0,62,241,254,163,0,0,0,0,0,0,0,153,254,254,182,7,0,0,0,0,0,0,0,0,0,0,0,0,145,253,253,98,0,0,0,0,0,16,158,250,253,253,39,0,0,0,0,0,0,0,0,0,0,0,0,0,145,253,253,117,0,0,0,23,128,228,253,253,250,120,0,0,0,0,0,0,0,0,0,0,0,0,0,0,138,253,253,182,110,109,122,222,253,254,253,253,125,0,0,0,0,0,0,0,0,0,0,0,0,0,0,0,35,240,253,253,254,253,253,253,253,254,253,240,35,0,0,0,0,0,0,0,0,0,0,0,0,0,0,0,0,102,254,254,255,254,243,174,149,255,254,159,0,0,0,0,0,0,0,0,0,0,0,0,0,0,0,0,0,3,18,83,109,56,15,0,142,254,253,42,0,0,0,0,0,0,0,0,0,0,0,0,0,0,0,0,0,0,0,0,0,0,0,10,217,254,225,18,0,0,0,0,0,0,0,0,0,0,0,0,0,0,0,0,0,0,0,0,0,0,0,19,253,254,192,0,0,0,0,0,0,0,0,0,0,0,0,0,0,0,0,0,0,0,0,0,0,0,0,19,253,254,43,0,0,0,0,0,0,0,0,0,0,0,0,0,0,0,0,0,0,0,0,0,0,0,0,77,254,255,18,0,0,0,0,0,0,0,0,0,0,0,0,0,0,0,0,0,0,0,0,0,0,0,8,172,253,212,8,0,0,0,0,0,0,0,0,0,0,0,0,0,0,0,0,0,0,0,0,0,0,0,37,253,253,181,0,0,0,0,0,0,0,0,0,0,0,0,0,0,0,0,0,0,0,0,0,0,0,0,37,253,253,181,0,0,0,0,0,0,0,0,0,0,0,0,0,0,0,0,0,0,0,0,0,0,0,0,11,149,253,52,0,0,0,0,0,0,0,0,0,0,0,0,0,0,0,0,0,0,0,0,0,0,0,0,0,0,0,0,0,0,0,0,0,0,0,0,0,0,0,0,0,0,0,0,0,0,0,0,0,0,0,0,0,0,0,0,0,0,0,0,0,0,0,0,0,0,0,0
8,0,0,0,0,0,0,0,0,0,0,0,0,0,0,0,0,0,0,0,0,0,0,0,0,0,0,0,0,0,0,0,0,0,0,0,0,0,0,0,0,0,0,0,0,0,0,0,0,0,0,0,0,0,0,0,0,0,0,0,0,0,0,0,0,0,0,0,0,0,0,0,0,0,0,0,0,0,0,0,0,0,0,0,0,0,0,0,0,0,0,0,0,0,0,0,0,0,0,0,0,0,0,0,0,0,0,0,0,0,0,0,0,0,0,0,0,0,0,0,0,0,0,0,0,0,0,0,0,0,0,0,0,0,0,0,0,0,0,0,0,0,0,0,0,0,0,0,0,0,0,0,0,0,0,0,0,0,0,0,0,0,0,0,0,0,0,0,0,0,0,0,0,0,0,0,0,0,0,0,0,0,0,0,0,31,162,212,208,95,4,0,0,0,0,0,0,0,0,0,0,0,0,0,0,0,0,0,0,0,0,0,58,239,254,227,220,255,157,103,175,71,0,0,0,0,0,0,0,0,0,0,0,0,0,0,0,0,0,25,216,246,107,7,2,121,254,254,254,217,0,0,0,0,0,0,0,0,0,0,0,0,0,0,0,0,0,148,254,92,0,0,4,149,254,254,150,8,0,0,0,0,0,0,0,0,0,0,0,0,0,0,0,0,52,254,169,1,0,36,193,254,254,135,1,0,0,0,0,0,0,0,0,0,0,0,0,0,0,0,0,0,130,254,60,0,70,239,254,230,83,0,0,0,0,0,0,0,0,0,0,0,0,0,0,0,0,0,0,0,125,254,84,125,249,254,200,59,0,0,0,0,0,0,0,0,0,0,0,0,0,0,0,0,0,0,0,0,41,245,245,254,247,130,9,0,0,0,0,0,0,0,0,0,0,0,0,0,0,0,0,0,0,0,0,22,147,254,255,206,44,0,0,0,0,0,0,0,0,0,0,0,0,0,0,0,0,0,0,0,0,0,83,216,254,254,254,36,0,0,0,0,0,0,0,0,0,0,0,0,0,0,0,0,0,0,0,0,25,187,251,254,216,163,245,16,0,0,0,0,0,0,0,0,0,0,0,0,0,0,0,0,0,0,24,130,247,254,219,105,7,179,235,11,0,0,0,0,0,0,0,0,0,0,0,0,0,0,0,0,0,51,209,254,233,136,15,0,53,237,186,5,0,0,0,0,0,0,0,0,0,0,0,0,0,0,0,0,35,245,254,246,48,0,0,31,222,252,69,0,0,0,0,0,0,0,0,0,0,0,0,0,0,0,0,0,185,254,254,254,248,218,218,237,246,96,0,0,0,0,0,0,0,0,0,0,0,0,0,0,0,0,0,0,115,150,150,150,150,150,150,150,93,0,0,0,0,0,0,0,0,0,0,0,0,0,0,0,0,0,0,0,0,0,0,0,0,0,0,0,0,0,0,0,0,0,0,0,0,0,0,0,0,0,0,0,0,0,0,0,0,0,0,0,0,0,0,0,0,0,0,0,0,0,0,0,0,0,0,0,0,0,0,0,0,0,0,0,0,0,0,0,0,0,0,0,0,0,0,0,0,0,0,0,0,0,0,0,0,0,0,0,0,0,0,0,0,0,0,0,0,0,0,0,0,0,0,0,0,0,0,0,0,0,0,0,0,0,0,0,0,0,0,0,0,0,0,0,0,0,0,0,0,0,0,0,0,0,0,0,0,0,0,0,0,0,0,0,0,0,0,0,0,0,0,0,0,0,0,0,0,0,0,0,0,0,0,0,0,0,0,0,0,0,0
2,0,0,0,0,0,0,0,0,0,0,0,0,0,0,0,0,0,0,0,0,0,0,0,0,0,0,0,0,0,0,0,0,0,0,0,0,0,0,0,0,0,0,0,0,0,0,0,0,0,0,0,0,0,0,0,0,0,0,0,0,0,0,0,0,0,0,0,0,0,0,0,0,0,0,0,0,0,0,0,0,0,0,0,0,0,0,0,0,0,0,0,0,0,0,0,84,194,255,233,96,96,36,0,0,0,0,0,0,0,0,0,0,0,0,0,0,0,0,0,0,0,0,0,221,251,253,251,251,251,212,131,8,0,0,0,0,0,0,0,0,0,0,0,0,0,0,0,0,0,0,0,221,251,253,251,251,251,251,253,157,63,0,0,0,0,0,0,0,0,0,0,0,0,0,0,0,0,0,0,181,251,253,204,188,244,251,253,251,156,8,0,0,0,0,0,0,0,0,0,0,0,0,0,0,0,0,0,24,193,253,161,0,123,251,253,251,251,129,0,0,0,0,0,0,0,0,0,0,0,0,0,0,0,0,0,0,0,60,150,48,0,0,195,253,253,213,36,0,0,0,0,0,0,0,0,0,0,0,0,0,0,0,0,0,0,0,8,31,0,0,96,251,251,251,94,0,0,0,0,0,0,0,0,0,0,0,0,0,0,0,0,0,0,0,0,0,0,0,96,251,251,251,94,0,0,0,0,0,0,0,0,0,0,0,0,0,0,0,0,0,0,0,0,0,0,0,96,251,251,251,94,0,0,0,0,0,0,0,0,0,0,0,0,0,0,0,0,0,0,0,0,0,0,0,96,251,251,211,35,0,0,0,0,0,0,0,0,0,0,0,0,0,0,0,0,0,0,0,0,0,0,0,155,253,253,189,0,0,0,0,0,0,0,0,0,0,0,0,0,0,0,0,0,0,0,0,0,0,0,20,253,251,235,66,0,0,0,0,0,0,0,0,0,0,0,0,0,0,0,0,0,0,0,0,0,0,32,205,253,251,126,0,0,0,0,0,0,0,0,0,0,0,0,0,0,0,0,0,0,0,0,0,0,32,210,251,253,243,94,0,0,0,0,0,0,0,0,0,0,0,0,0,0,100,159,158,79,0,0,0,120,205,251,251,253,121,0,0,0,0,0,0,0,0,0,0,0,36,115,253,253,253,255,253,253,253,253,255,253,253,253,253,255,233,96,72,0,0,0,0,0,0,0,0,0,115,251,251,251,251,253,251,251,251,251,253,251,251,251,251,253,251,251,236,190,0,0,0,0,0,0,0,0,253,251,251,251,251,253,251,251,251,251,253,251,188,126,126,173,251,188,126,126,0,0,0,0,0,0,0,0,114,251,251,251,251,253,251,251,251,251,189,69,15,0,0,12,31,15,0,0,0,0,0,0,0,0,0,0,36,212,251,251,251,253,251,251,113,94,0,0,0,0,0,0,0,0,0,0,0,0,0,0,0,0,0,0,0,0,0,0,0,0,0,0,0,0,0,0,0,0,0,0,0,0,0,0,0,0,0,0,0,0,0,0,0,0,0,0,0,0,0,0,0,0,0,0,0,0,0,0,0,0,0,0,0,0,0,0,0,0,0,0,0,0,0,0,0,0,0,0,0,0,0,0,0,0,0,0,0,0,0,0,0,0,0,0,0,0,0,0,0,0,0,0,0,0,0,0,0,0,0,0,0,0,0,0,0,0,0,0,0,0,0,0,0,0,0,0,0,0,0,0,0,0,0,0,0,0,0,0,0,0,0,0,0,0,0,0,0,0,0,0,0
2,0,0,0,0,0,0,0,0,0,0,0,0,0,0,0,0,0,0,0,0,0,0,0,0,0,0,0,0,0,0,0,0,0,0,0,0,0,0,0,0,0,0,0,0,0,0,0,0,0,0,0,0,0,0,0,0,0,0,0,0,0,0,0,0,0,0,0,0,0,0,0,0,0,0,0,0,0,0,0,0,0,0,0,0,0,0,0,0,0,0,0,0,0,0,0,0,0,0,0,0,0,0,0,0,0,0,0,0,0,0,0,0,0,0,0,0,0,0,0,0,0,0,0,0,0,0,0,0,0,0,0,0,0,0,0,0,0,0,0,0,0,0,0,0,0,0,0,0,0,0,0,0,0,0,0,0,0,18,74,156,200,231,159,22,0,0,0,0,0,0,0,0,0,0,0,0,0,0,0,0,0,0,0,31,164,247,254,254,254,254,254,151,0,0,0,0,0,0,0,0,0,0,0,0,0,0,0,0,0,58,156,252,254,254,223,166,141,157,254,204,0,0,0,0,0,0,0,0,0,0,0,0,0,0,0,6,106,246,254,254,229,128,24,0,0,124,254,160,0,0,0,0,0,0,0,0,0,0,0,0,0,0,0,85,255,255,254,156,3,0,0,0,40,241,255,60,0,0,0,0,0,0,0,0,0,0,0,0,0,0,0,33,227,216,96,18,0,0,0,0,114,254,216,33,0,0,0,0,0,0,0,0,0,0,0,0,0,0,0,0,9,0,0,0,0,0,0,52,250,252,67,0,0,0,0,0,0,0,0,0,0,0,0,0,0,0,0,0,0,0,0,0,0,0,27,231,254,116,0,0,0,0,0,0,0,0,0,0,0,0,0,0,0,0,0,0,0,0,0,0,0,42,212,254,174,3,0,0,0,0,0,0,0,0,0,0,0,0,0,0,0,0,0,0,0,0,0,0,5,190,254,235,27,0,0,0,0,0,0,0,0,0,0,0,0,0,31,57,119,181,196,192,145,174,157,196,219,254,254,232,156,127,81,10,0,0,0,0,0,0,0,0,0,136,235,254,254,254,254,254,254,254,254,254,254,254,248,223,223,190,153,47,0,0,0,0,0,0,0,0,62,251,253,197,177,123,137,177,177,188,254,254,224,98,31,0,0,0,0,0,0,0,0,0,0,0,0,0,171,249,89,0,0,0,0,0,13,176,254,254,67,0,0,0,0,0,0,0,0,0,0,0,0,0,0,0,200,243,22,0,0,0,5,75,226,254,235,88,1,0,0,0,0,0,0,0,0,0,0,0,0,0,0,0,184,254,203,75,117,143,218,254,254,203,36,0,0,0,0,0,0,0,0,0,0,0,0,0,0,0,0,0,83,254,254,254,254,254,254,208,82,3,0,0,0,0,0,0,0,0,0,0,0,0,0,0,0,0,0,0,4,71,160,210,206,143,80,3,0,0,0,0,0,0,0,0,0,0,0,0,0,0,0,0,0,0,0,0,0,0,0,0,0,0,0,0,0,0,0,0,0,0,0,0,0,0,0,0,0,0,0,0,0,0,0,0,0,0,0,0,0,0,0,0,0,0,0,0,0,0,0,0,0,0,0,0,0,0,0,0,0,0,0,0,0,0,0,0,0,0,0,0,0,0,0,0,0,0,0,0,0,0,0,0,0,0,0,0,0,0,0,0,0,0,0,0,0,0,0,0,0,0,0,0,0,0,0,0,0,0,0,0,0,0,0,0,0,0,0,0,0,0,0,0,0,0,0,0,0,0,0,0,0,0,0,0,0,0,0,0,0,0,0,0
1,0,0,0,0,0,0,0,0,0,0,0,0,0,0,0,0,0,0,0,0,0,0,0,0,0,0,0,0,0,0,0,0,0,0,0,0,0,0,0,0,0,0,0,0,0,0,0,0,0,0,0,0,0,0,0,0,0,0,0,0,0,0,0,0,0,0,0,0,0,0,0,0,0,0,0,0,0,0,0,0,0,0,0,0,0,0,0,0,0,0,0,0,0,0,0,0,0,0,0,0,0,0,0,0,0,0,0,0,0,0,0,0,0,0,0,0,0,0,0,0,0,0,0,0,0,0,0,0,0,0,0,0,0,0,0,0,0,0,0,0,0,0,0,0,0,0,0,0,0,0,0,0,0,0,5,55,181,40,1,0,0,0,0,0,0,0,0,0,0,0,0,0,0,0,0,0,0,0,0,0,0,0,60,254,254,186,2,0,0,0,0,0,0,0,0,0,0,0,0,0,0,0,0,0,0,0,0,0,0,0,140,254,254,141,0,0,0,0,0,0,0,0,0,0,0,0,0,0,0,0,0,0,0,0,0,0,0,65,235,254,254,141,0,0,0,0,0,0,0,0,0,0,0,0,0,0,0,0,0,0,0,0,0,0,0,160,254,254,254,45,0,0,0,0,0,0,0,0,0,0,0,0,0,0,0,0,0,0,0,0,0,0,0,160,254,254,214,14,0,0,0,0,0,0,0,0,0,0,0,0,0,0,0,0,0,0,0,0,0,0,0,160,254,254,102,0,0,0,0,0,0,0,0,0,0,0,0,0,0,0,0,0,0,0,0,0,0,0,14,213,254,254,41,0,0,0,0,0,0,0,0,0,0,0,0,0,0,0,0,0,0,0,0,0,0,0,24,254,254,206,15,0,0,0,0,0,0,0,0,0,0,0,0,0,0,0,0,0,0,0,0,0,0,0,24,254,255,177,0,0,0,0,0,0,0,0,0,0,0,0,0,0,0,0,0,0,0,0,0,0,0,0,61,254,254,86,0,0,0,0,0,0,0,0,0,0,0,0,0,0,0,0,0,0,0,0,0,0,0,3,184,254,204,10,0,0,0,0,0,0,0,0,0,0,0,0,0,0,0,0,0,0,0,0,0,0,0,6,254,254,142,0,0,0,0,0,0,0,0,0,0,0,0,0,0,0,0,0,0,0,0,0,0,0,0,123,254,235,41,0,0,0,0,0,0,0,0,0,0,0,0,0,0,0,0,0,0,0,0,0,0,0,0,126,254,254,77,0,0,0,0,0,0,0,0,0,0,0,0,0,0,0,0,0,0,0,0,0,0,0,0,126,254,254,77,0,0,0,0,0,0,0,0,0,0,0,0,0,0,0,0,0,0,0,0,0,0,0,0,126,254,254,77,0,0,0,0,0,0,0,0,0,0,0,0,0,0,0,0,0,0,0,0,0,0,0,0,126,254,254,77,0,0,0,0,0,0,0,0,0,0,0,0,0,0,0,0,0,0,0,0,0,0,0,0,126,254,218,11,0,0,0,0,0,0,0,0,0,0,0,0,0,0,0,0,0,0,0,0,0,0,0,0,14,254,102,0,0,0,0,0,0,0,0,0,0,0,0,0,0,0,0,0,0,0,0,0,0,0,0,0,0,0,0,0,0,0,0,0,0,0,0,0,0,0,0,0,0,0,0,0,0,0,0,0,0,0,0,0,0,0,0,0,0,0,0,0,0,0,0,0,0,0,0,0,0,0,0,0,0,0,0,0,0,0,0,0,0,0,0,0,0,0,0,0,0,0,0,0,0,0,0,0,0
8,0,0,0,0,0,0,0,0,0,0,0,0,0,0,0,0,0,0,0,0,0,0,0,0,0,0,0,0,0,0,0,0,0,0,0,0,0,0,0,0,0,0,0,0,0,0,0,0,0,0,0,0,0,0,0,0,0,0,0,0,0,0,0,0,0,0,0,0,0,0,0,0,0,0,0,0,0,0,0,0,0,0,0,0,0,0,0,0,0,0,0,0,0,0,0,0,0,0,0,0,0,0,0,0,0,0,0,0,0,0,0,0,0,0,0,0,0,0,0,0,0,0,0,0,0,0,0,0,0,0,0,0,0,0,0,0,0,0,0,0,0,0,0,0,0,0,0,0,0,0,0,0,0,0,0,0,0,0,0,0,0,0,0,0,0,0,0,0,0,0,0,0,0,0,0,0,0,0,0,0,0,0,0,0,0,0,0,0,0,0,0,0,0,0,0,0,0,0,0,0,0,0,0,0,0,0,0,0,0,0,1,30,110,132,132,91,5,0,0,7,5,0,0,0,0,0,0,0,0,0,0,0,0,0,0,0,4,69,195,254,254,254,254,254,104,33,177,253,241,121,0,0,0,0,0,0,0,0,0,0,0,0,0,33,193,254,253,179,117,60,121,229,245,225,254,235,179,226,0,0,0,0,0,0,0,0,0,0,0,0,33,221,253,164,54,0,0,0,17,196,254,254,214,31,0,0,0,0,0,0,0,0,0,0,0,0,0,0,142,254,145,0,0,0,0,52,205,254,251,148,17,0,0,0,0,0,0,0,0,0,0,0,0,0,0,0,116,254,113,0,0,9,126,250,254,229,76,0,0,0,0,0,0,0,0,0,0,0,0,0,0,0,0,0,11,238,193,4,52,205,254,254,165,19,0,0,0,0,0,0,0,0,0,0,0,0,0,0,0,0,0,0,0,185,254,176,249,254,251,121,4,0,0,0,0,0,0,0,0,0,0,0,0,0,0,0,0,0,0,0,0,75,254,254,254,204,53,0,0,0,0,0,0,0,0,0,0,0,0,0,0,0,0,0,0,0,0,0,67,222,254,254,127,12,0,0,0,0,0,0,0,0,0,0,0,0,0,0,0,0,0,0,0,0,2,126,249,254,254,238,14,0,0,0,0,0,0,0,0,0,0,0,0,0,0,0,0,0,0,0,0,23,172,254,254,193,254,203,0,0,0,0,0,0,0,0,0,0,0,0,0,0,0,0,0,0,0,0,12,169,254,241,124,157,254,109,0,0,0,0,0,0,0,0,0,0,0,0,0,0,0,0,0,0,0,0,106,254,239,55,129,254,212,18,0,0,0,0,0,0,0,0,0,0,0,0,0,0,0,0,0,0,0,0,236,255,80,97,252,246,63,0,0,0,0,0,0,0,0,0,0,0,0,0,0,0,0,0,0,0,0,0,242,254,245,252,251,93,0,0,0,0,0,0,0,0,0,0,0,0,0,0,0,0,0,0,0,0,0,0,133,254,254,219,65,0,0,0,0,0,0,0,0,0,0,0,0,0,0,0,0,0,0,0,0,0,0,0,2,8,67,4,0,0,0,0,0,0,0,0,0,0,0,0,0,0,0,0,0,0,0,0,0,0,0,0,0,0,0,0,0,0,0,0,0,0,0,0,0,0,0,0,0,0,0,0,0,0,0,0,0,0,0,0,0,0,0,0,0,0,0,0,0,0,0,0,0,0,0,0,0,0,0,0,0,0,0,0,0,0,0,0,0,0,0,0,0,0,0,0,0,0,0,0,0,0,0,0,0,0,0,0,0,0
7,0,0,0,0,0,0,0,0,0,0,0,0,0,0,0,0,0,0,0,0,0,0,0,0,0,0,0,0,0,0,0,0,0,0,0,0,0,0,0,0,0,0,0,0,0,0,0,0,0,0,0,0,0,0,0,0,0,0,0,0,0,0,0,0,0,0,0,0,0,0,0,0,0,0,0,0,0,0,0,0,0,0,0,0,0,0,0,0,0,0,0,0,0,0,0,0,0,0,0,0,0,0,0,0,0,0,0,0,0,0,0,0,0,0,0,0,0,0,0,0,0,0,0,0,0,0,0,0,0,0,0,0,0,0,0,0,0,0,0,0,0,0,0,0,0,0,0,0,0,0,0,0,0,0,0,0,0,0,0,0,0,0,0,0,0,0,0,0,0,0,0,0,0,0,0,0,0,0,0,0,0,0,0,0,0,0,0,0,0,0,0,0,0,0,0,0,0,0,0,0,0,0,0,0,86,253,198,28,0,0,0,0,0,0,29,85,57,0,0,0,0,0,0,0,0,0,0,0,0,0,0,0,197,251,253,196,114,0,0,0,0,0,197,251,168,0,0,0,0,0,0,0,0,0,0,0,0,0,0,0,255,253,255,253,254,253,57,0,29,197,254,253,169,0,0,0,0,0,0,0,0,0,0,0,0,0,0,0,253,251,253,251,253,251,225,168,197,251,253,251,168,0,0,0,0,0,0,0,0,0,0,0,0,0,0,169,255,253,169,114,198,253,254,253,254,253,254,253,114,0,0,0,0,0,0,0,0,0,0,0,0,0,0,168,253,251,56,0,85,251,253,251,253,251,253,251,0,0,0,0,0,0,0,0,0,0,0,0,0,0,29,197,255,253,0,0,0,0,57,168,254,253,254,196,0,0,0,0,0,0,0,0,0,0,0,0,0,0,28,196,253,251,0,0,0,0,0,0,253,251,253,83,0,0,0,0,0,0,0,0,0,0,0,0,0,0,0,114,254,196,0,0,0,0,0,0,254,253,169,0,0,0,0,0,0,0,0,0,0,0,0,0,0,0,0,0,84,28,0,0,0,0,0,0,253,251,225,56,0,0,0,0,0,0,0,0,0,0,0,0,0,0,0,0,0,0,0,0,0,0,0,169,254,253,169,0,0,0,0,0,0,0,0,0,0,0,0,0,0,0,0,0,0,0,0,0,0,0,0,168,253,251,168,0,0,0,0,0,0,0,0,0,0,0,0,0,0,0,0,0,0,0,0,0,0,0,0,169,254,253,114,0,0,0,0,0,0,0,0,0,0,0,0,0,0,0,0,0,0,0,0,0,0,0,0,168,253,251,0,0,0,0,0,0,0,0,0,0,0,0,0,0,0,0,0,0,0,0,0,0,0,0,0,169,254,196,0,0,0,0,0,0,0,0,0,0,0,0,0,0,0,0,0,0,0,0,0,0,0,0,57,224,253,83,0,0,0,0,0,0,0,0,0,0,0,0,0,0,0,0,0,0,0,0,0,0,0,0,85,253,254,84,0,0,0,0,0,0,0,0,0,0,0,0,0,0,0,0,0,0,0,0,0,0,0,0,85,251,253,196,0,0,0,0,0,0,0,0,0,0,0,0,0,0,0,0,0,0,0,0,0,0,0,0,57,225,254,253,114,0,0,0,0,0,0,0,0,0,0,0,0,0,0,0,0,0,0,0,0,0,0,0,0,168,253,138,0,0,0,0,0,0,0,0,0,0,0,0,0,0,0,0,0,0,0,0,0,0,0,0,0,0,0,0,0,0,0,0,0,0,0,0,0,0
0,0,0,0,0,0,0,0,0,0,0,0,0,0,0,0,0,0,0,0,0,0,0,0,0,0,0,0,0,0,0,0,0,0,0,0,0,0,0,0,0,0,0,0,0,0,0,0,0,0,0,0,0,0,0,0,0,0,0,0,0,0,0,0,0,0,0,0,0,0,0,0,0,0,0,0,0,0,0,0,0,0,0,0,0,0,0,0,0,0,0,0,0,0,0,0,0,0,0,0,0,0,0,0,0,0,0,0,0,0,0,0,0,0,0,0,0,0,0,0,0,0,0,0,0,0,0,0,0,0,0,0,0,29,114,170,170,57,0,0,0,0,0,0,0,0,0,0,0,0,0,0,0,0,0,0,0,0,0,0,141,255,255,255,255,255,0,0,0,0,0,0,0,0,0,0,0,0,0,0,0,0,0,0,0,0,114,198,255,226,86,0,114,255,0,0,0,0,0,0,0,0,0,0,0,0,0,0,0,0,0,0,86,198,255,255,141,0,0,0,114,226,0,0,0,0,0,0,0,0,0,0,0,0,0,0,0,0,86,114,255,255,255,141,0,0,0,0,255,86,0,0,0,0,0,0,0,0,0,0,0,0,0,0,0,114,255,255,255,226,255,29,0,0,0,114,226,0,0,0,0,0,0,0,0,0,0,0,0,0,0,0,114,255,255,226,57,86,114,0,0,0,29,255,86,0,0,0,0,0,0,0,0,0,0,0,0,0,0,198,255,255,141,0,0,0,0,0,0,0,198,226,0,0,0,0,0,0,0,0,0,0,0,0,0,0,170,255,255,86,0,0,0,0,0,0,0,29,255,114,0,0,0,0,0,0,0,0,0,0,0,0,0,170,255,255,255,29,0,0,0,0,0,0,0,170,255,0,0,0,0,0,0,0,0,0,0,0,0,0,114,255,226,198,255,226,57,0,0,0,0,0,29,255,86,0,0,0,0,0,0,0,0,0,0,0,0,29,255,226,0,0,141,198,198,0,0,0,0,0,198,226,0,0,0,0,0,0,0,0,0,0,0,0,0,170,255,29,0,0,0,0,0,0,0,0,0,86,255,29,0,0,0,0,0,0,0,0,0,0,0,0,29,255,86,0,0,0,0,0,0,0,0,0,57,255,170,0,0,0,0,0,0,0,0,0,0,0,0,0,114,255,0,0,0,0,0,0,0,0,0,29,255,226,0,0,0,0,0,0,0,0,0,0,0,0,0,0,255,170,0,0,0,0,0,0,0,0,114,255,226,29,0,0,0,0,0,0,0,0,0,0,0,0,0,0,255,198,0,0,0,0,0,29,114,226,255,226,0,0,0,0,0,0,0,0,0,0,0,0,0,0,0,0,255,255,198,86,86,114,170,255,255,255,141,29,0,0,0,0,0,0,0,0,0,0,0,0,0,0,0,0,86,255,255,255,255,255,255,226,141,0,0,0,0,0,0,0,0,0,0,0,0,0,0,0,0,0,0,0,0,0,86,170,170,114,57,0,0,0,0,0,0,0,0,0,0,0,0,0,0,0,0,0,0,0,0,0,0,0,0,0,0,0,0,0,0,0,0,0,0,0,0,0,0,0,0,0,0,0,0,0,0,0,0,0,0,0,0,0,0,0,0,0,0,0,0,0,0,0,0,0,0,0,0,0,0,0,0,0,0,0,0,0,0,0,0,0,0,0,0,0,0,0,0,0,0,0,0,0,0,0,0,0,0,0,0,0,0,0,0,0,0,0,0,0,0,0,0,0,0,0,0,0,0,0,0,0,0,0,0,0,0,0,0
8,0,0,0,0,0,0,0,0,0,0,0,0,0,0,0,0,0,0,0,0,0,0,0,0,0,0,0,0,0,0,0,0,0,0,0,0,0,0,0,0,0,0,0,0,0,0,0,0,0,0,0,0,0,0,0,0,0,0,0,0,0,0,0,0,0,0,0,0,0,0,0,0,0,0,0,0,0,0,0,0,0,0,0,0,0,0,0,0,0,0,0,0,0,0,0,0,0,0,0,0,0,0,0,0,0,0,0,0,0,0,0,0,0,0,0,0,0,0,0,0,0,0,0,0,0,0,0,0,0,0,0,0,0,0,0,0,0,0,0,0,0,0,0,0,0,0,0,0,0,0,0,0,0,0,0,0,0,0,0,0,0,0,0,0,0,0,0,0,0,0,0,0,0,0,0,0,0,11,146,165,226,255,203,149,67,0,0,0,0,0,0,0,0,0,0,0,0,0,0,0,0,0,0,0,0,174,254,254,254,254,254,254,252,203,65,0,0,0,0,0,0,0,0,0,0,0,0,0,0,0,0,0,0,197,254,250,70,26,47,116,189,243,211,64,0,0,0,0,0,0,0,0,0,0,0,0,0,0,0,0,0,33,215,254,165,27,0,0,0,37,162,241,64,0,0,0,0,0,0,0,0,0,0,0,0,0,0,0,0,0,24,162,254,214,24,0,3,6,1,53,71,0,0,0,0,0,0,0,0,0,0,0,0,0,0,0,0,0,0,26,195,254,218,99,149,202,187,187,156,56,2,0,0,0,0,0,0,0,0,0,0,0,0,0,0,0,0,33,201,254,254,254,254,254,254,254,254,254,95,0,0,0,0,0,0,0,0,0,0,0,0,0,0,0,40,228,254,254,254,254,234,87,4,4,91,94,79,0,0,0,0,0,0,0,0,0,0,0,0,0,0,9,207,254,214,139,140,254,240,34,0,0,0,0,0,0,0,0,0,0,0,0,0,0,0,0,0,0,0,115,254,167,10,0,7,211,254,58,0,0,0,0,0,0,0,0,0,0,0,0,0,0,0,0,0,0,0,126,254,82,0,0,0,134,254,58,0,0,0,0,0,0,0,0,0,0,0,0,0,0,0,0,0,0,0,188,246,43,0,0,0,65,254,96,0,0,0,0,0,0,0,0,0,0,0,0,0,0,0,0,0,0,0,126,254,67,0,0,0,45,254,211,0,0,0,0,0,0,0,0,0,0,0,0,0,0,0,0,0,0,0,126,254,95,0,0,0,31,240,236,0,0,0,0,0,0,0,0,0,0,0,0,0,0,0,0,0,0,0,30,240,155,0,0,0,28,237,236,0,0,0,0,0,0,0,0,0,0,0,0,0,0,0,0,0,0,0,0,150,211,64,0,0,45,254,236,0,0,0,0,0,0,0,0,0,0,0,0,0,0,0,0,0,0,0,0,67,254,182,1,0,45,254,236,0,0,0,0,0,0,0,0,0,0,0,0,0,0,0,0,0,0,0,0,5,191,254,125,27,99,254,226,0,0,0,0,0,0,0,0,0,0,0,0,0,0,0,0,0,0,0,0,0,62,249,254,254,254,241,56,0,0,0,0,0,0,0,0,0,0,0,0,0,0,0,0,0,0,0,0,0,0,82,189,170,148,66,0,0,0,0,0,0,0,0,0,0,0,0,0,0,0,0,0,0,0,0,0,0,0,0,0,0,0,0,0,0,0,0,0,0,0,0,0,0,0,0,0,0,0,0,0,0,0,0,0,0,0,0,0,0,0,0,0,0,0,0,0,0,0,0,0,0,0
1,0,0,0,0,0,0,0,0,0,0,0,0,0,0,0,0,0,0,0,0,0,0,0,0,0,0,0,0,0,0,0,0,0,0,0,0,0,0,0,0,0,0,0,0,0,0,0,0,0,0,0,0,0,0,0,0,0,0,0,0,0,0,0,0,0,0,0,0,0,0,0,0,0,0,0,0,0,0,0,0,0,0,0,0,0,0,0,0,0,0,0,0,0,0,0,0,0,0,0,0,0,0,0,0,0,0,0,0,0,0,0,0,0,0,0,0,0,0,0,0,0,0,0,0,0,0,0,0,0,0,0,0,0,0,0,0,0,0,0,0,0,0,0,0,0,0,0,0,0,0,0,0,0,0,0,0,0,80,253,49,0,0,0,0,0,0,0,0,0,0,0,0,0,0,0,0,0,0,0,0,0,0,0,0,0,170,254,90,0,0,0,0,0,0,0,0,0,0,0,0,0,0,0,0,0,0,0,0,0,0,0,0,1,186,254,22,0,0,0,0,0,0,0,0,0,0,0,0,0,0,0,0,0,0,0,0,0,0,0,0,125,254,153,4,0,0,0,0,0,0,0,0,0,0,0,0,0,0,0,0,0,0,0,0,0,0,0,2,190,247,58,0,0,0,0,0,0,0,0,0,0,0,0,0,0,0,0,0,0,0,0,0,0,0,0,120,254,139,0,0,0,0,0,0,0,0,0,0,0,0,0,0,0,0,0,0,0,0,0,0,0,0,11,216,254,85,0,0,0,0,0,0,0,0,0,0,0,0,0,0,0,0,0,0,0,0,0,0,0,0,114,254,136,2,0,0,0,0,0,0,0,0,0,0,0,0,0,0,0,0,0,0,0,0,0,0,0,47,236,224,30,0,0,0,0,0,0,0,0,0,0,0,0,0,0,0,0,0,0,0,0,0,0,0,0,182,254,69,0,0,0,0,0,0,0,0,0,0,0,0,0,0,0,0,0,0,0,0,0,0,0,0,71,249,186,10,0,0,0,0,0,0,0,0,0,0,0,0,0,0,0,0,0,0,0,0,0,0,0,0,237,251,62,0,0,0,0,0,0,0,0,0,0,0,0,0,0,0,0,0,0,0,0,0,0,0,0,87,250,143,0,0,0,0,0,0,0,0,0,0,0,0,0,0,0,0,0,0,0,0,0,0,0,0,0,251,236,21,0,0,0,0,0,0,0,0,0,0,0,0,0,0,0,0,0,0,0,0,0,0,0,3,128,254,86,0,0,0,0,0,0,0,0,0,0,0,0,0,0,0,0,0,0,0,0,0,0,0,0,9,254,239,14,0,0,0,0,0,0,0,0,0,0,0,0,0,0,0,0,0,0,0,0,0,0,0,4,142,254,60,0,0,0,0,0,0,0,0,0,0,0,0,0,0,0,0,0,0,0,0,0,0,0,0,23,254,245,4,0,0,0,0,0,0,0,0,0,0,0,0,0,0,0,0,0,0,0,0,0,0,0,0,59,254,129,0,0,0,0,0,0,0,0,0,0,0,0,0,0,0,0,0,0,0,0,0,0,0,0,0,113,246,0,0,0,0,0,0,0,0,0,0,0,0,0,0,0,0,0,0,0,0,0,0,0,0,0,0,0,0,0,0,0,0,0,0,0,0,0,0,0,0,0,0,0,0,0,0,0,0,0,0,0,0,0,0,0,0,0,0,0,0,0,0,0,0,0,0,0,0,0,0,0,0,0,0,0,0,0,0,0,0,0,0,0,0,0,0,0,0,0,0,0,0,0,0,0,0,0,0,0,0,0,0
0,0,0,0,0,0,0,0,0,0,0,0,0,0,0,0,0,0,0,0,0,0,0,0,0,0,0,0,0,0,0,0,0,0,0,0,0,0,0,0,0,0,0,0,0,0,0,0,0,0,0,0,0,0,0,0,0,0,0,0,0,0,0,0,0,0,0,0,0,0,0,0,0,0,0,0,0,0,0,0,0,0,0,0,0,0,0,0,0,0,0,0,0,0,0,0,0,0,0,0,0,0,0,0,0,0,0,0,0,0,0,0,0,0,0,0,0,0,0,0,0,0,0,0,0,57,243,196,128,6,0,0,0,0,0,0,0,0,0,0,0,0,0,0,0,0,0,0,0,0,0,0,119,238,253,253,254,180,10,0,0,0,0,0,0,0,0,0,0,0,0,0,0,0,0,0,0,0,9,72,235,253,253,253,254,253,194,53,0,0,0,0,0,0,0,0,0,0,0,0,0,0,0,0,0,0,61,253,237,205,249,253,254,253,253,174,14,0,0,0,0,0,0,0,0,0,0,0,0,0,0,0,0,0,147,253,82,0,66,216,254,253,253,253,158,0,0,0,0,0,0,0,0,0,0,0,0,0,0,0,0,73,236,198,12,0,0,29,220,253,253,253,239,81,0,0,0,0,0,0,0,0,0,0,0,0,0,0,30,238,253,83,0,0,0,0,133,253,253,253,253,205,16,0,0,0,0,0,0,0,0,0,0,0,0,0,141,253,230,37,0,0,0,0,19,115,253,253,253,253,48,0,0,0,0,0,0,0,0,0,0,0,0,0,157,253,193,0,0,0,0,0,0,14,160,253,253,253,157,0,0,0,0,0,0,0,0,0,0,0,0,12,203,253,193,0,0,0,0,0,0,0,19,213,253,253,250,34,0,0,0,0,0,0,0,0,0,0,0,25,254,254,193,0,0,0,0,0,0,0,0,170,254,254,254,36,0,0,0,0,0,0,0,0,0,0,0,25,253,253,193,0,0,0,0,0,0,0,0,101,253,253,253,105,0,0,0,0,0,0,0,0,0,0,0,25,253,253,230,38,0,0,0,0,0,0,0,19,209,253,253,139,0,0,0,0,0,0,0,0,0,0,0,25,253,253,253,154,10,0,0,0,0,0,0,0,182,253,237,29,0,0,0,0,0,0,0,0,0,0,0,25,253,253,253,253,48,0,0,0,0,0,0,12,199,253,82,0,0,0,0,0,0,0,0,0,0,0,0,6,145,253,253,253,205,62,0,0,0,0,0,141,253,232,34,0,0,0,0,0,0,0,0,0,0,0,0,0,25,225,253,253,253,235,154,86,41,9,103,238,253,140,0,0,0,0,0,0,0,0,0,0,0,0,0,0,0,24,145,253,253,253,253,253,236,221,253,253,155,9,0,0,0,0,0,0,0,0,0,0,0,0,0,0,0,0,6,147,253,253,253,253,254,253,238,64,7,0,0,0,0,0,0,0,0,0,0,0,0,0,0,0,0,0,0,4,110,236,253,195,132,121,10,0,0,0,0,0,0,0,0,0,0,0,0,0,0,0,0,0,0,0,0,0,0,0,0,0,0,0,0,0,0,0,0,0,0,0,0,0,0,0,0,0,0,0,0,0,0,0,0,0,0,0,0,0,0,0,0,0,0,0,0,0,0,0,0,0,0,0,0,0,0,0,0,0,0,0,0,0,0,0,0,0,0,0,0,0,0,0,0,0,0,0,0,0,0,0,0,0,0,0,0,0,0,0,0,0,0,0,0,0,0,0,0,0,0,0,0,0,0,0,0,0,0
7,0,0,0,0,0,0,0,0,0,0,0,0,0,0,0,0,0,0,0,0,0,0,0,0,0,0,0,0,0,0,0,0,0,0,0,0,0,0,0,0,0,0,0,0,0,0,0,0,0,0,0,0,0,0,0,0,0,0,0,0,0,0,0,0,0,0,0,0,0,0,0,0,0,0,0,0,0,0,0,0,0,0,0,0,0,0,0,0,0,0,0,0,0,0,0,0,0,0,0,0,0,0,0,0,0,0,0,0,0,0,0,0,0,0,0,0,0,0,0,0,0,0,0,0,0,0,0,0,0,0,0,0,0,0,0,0,0,0,0,0,0,0,0,0,0,0,0,0,0,0,0,0,0,0,0,0,0,0,0,0,0,0,0,0,0,0,0,0,0,0,0,0,0,0,0,0,0,0,0,0,0,0,0,0,0,0,93,254,255,254,105,0,0,0,0,0,0,0,0,0,0,0,0,0,0,0,0,0,0,0,0,0,0,54,197,253,253,253,104,0,0,0,0,0,0,0,0,0,0,0,0,0,0,0,0,0,0,0,4,113,164,243,251,238,252,253,104,0,0,0,0,0,0,0,0,0,0,0,0,0,0,0,0,0,0,50,151,253,253,217,118,0,239,253,104,0,0,0,0,0,0,0,0,0,0,0,0,0,0,0,72,75,163,238,253,253,217,37,0,40,243,253,104,0,0,0,0,0,0,0,0,0,0,0,0,0,4,30,241,253,253,254,246,126,39,0,4,149,253,221,31,0,0,0,0,0,0,0,0,0,0,0,0,0,110,253,253,253,253,199,91,0,0,0,30,253,253,128,0,0,0,0,0,0,0,0,0,0,0,0,43,134,249,253,253,253,200,97,0,0,0,0,84,253,221,38,0,0,0,0,0,0,0,0,0,0,11,54,222,253,253,253,253,192,24,0,0,0,0,14,193,253,136,0,0,0,0,0,0,0,0,0,0,0,60,253,253,253,253,253,112,24,0,0,0,0,0,163,253,253,14,0,0,0,0,0,0,0,0,0,0,0,211,254,254,254,162,0,0,0,0,0,0,7,176,254,254,199,8,0,0,0,0,0,0,0,0,0,0,25,220,253,225,149,13,0,0,0,0,0,0,139,253,253,228,21,0,0,0,0,0,0,0,0,0,0,0,37,212,229,47,0,0,0,0,0,0,0,48,222,253,240,122,0,0,0,0,0,0,0,0,0,0,0,0,0,0,0,0,0,0,0,0,0,0,50,230,253,253,29,0,0,0,0,0,0,0,0,0,0,0,0,0,0,0,0,0,0,0,0,0,0,0,149,253,253,146,4,0,0,0,0,0,0,0,0,0,0,0,0,0,0,0,0,0,0,0,0,0,0,18,254,253,251,118,0,0,0,0,0,0,0,0,0,0,0,0,0,0,0,0,0,0,0,0,0,0,24,205,254,253,158,0,0,0,0,0,0,0,0,0,0,0,0,0,0,0,0,0,0,0,0,0,0,0,99,253,255,178,58,0,0,0,0,0,0,0,0,0,0,0,0,0,0,0,0,0,0,0,0,0,0,96,239,253,174,11,0,0,0,0,0,0,0,0,0,0,0,0,0,0,0,0,0,0,0,0,0,0,0,240,253,253,62,0,0,0,0,0,0,0,0,0,0,0,0,0,0,0,0,0,0,0,0,0,0,0,0,0,0,0,0,0,0,0,0,0,0,0,0,0,0,0,0,0,0,0,0,0,0,0,0,0,0,0,0,0,0,0,0,0,0,0,0,0,0,0,0,0,0,0,0,0,0
6,0,0,0,0,0,0,0,0,0,0,0,0,0,0,0,0,0,0,0,0,0,0,0,0,0,0,0,0,0,0,0,0,0,0,0,0,0,0,0,0,0,0,0,0,0,0,0,0,0,0,0,0,0,0,0,0,0,0,0,0,0,0,0,0,0,0,0,0,0,0,0,0,0,0,0,0,0,0,0,0,0,0,0,0,0,0,0,0,0,0,0,0,0,0,0,0,0,0,0,0,72,240,50,0,0,0,0,0,0,0,0,0,0,0,0,0,0,0,0,0,0,0,0,0,0,0,9,96,240,253,165,0,0,0,0,0,0,0,0,0,0,0,0,0,0,0,0,0,0,0,0,0,0,0,126,253,253,253,107,0,0,0,0,0,0,0,0,0,0,0,0,0,0,0,0,0,0,0,0,0,0,68,250,253,253,117,4,0,0,0,0,0,0,0,0,0,0,0,0,0,0,0,0,0,0,0,0,0,76,242,254,239,107,4,0,0,0,0,0,0,0,0,0,0,0,0,0,0,0,0,0,0,0,0,0,16,211,253,254,187,0,0,0,0,0,0,0,0,0,0,0,0,0,0,0,0,0,0,0,0,0,0,0,98,253,253,234,49,0,0,0,0,0,0,0,0,0,0,0,0,0,0,0,0,0,0,0,0,0,0,7,215,253,253,111,0,0,0,0,0,0,0,0,0,0,0,0,0,0,0,0,0,0,0,0,0,0,0,94,253,253,253,29,0,0,0,0,0,0,0,0,0,0,0,0,0,0,0,0,0,0,0,0,0,0,0,122,253,253,109,0,0,0,0,0,0,0,0,0,0,0,0,0,0,0,0,0,0,0,0,0,0,0,65,245,254,254,158,144,116,6,0,0,0,0,0,0,0,0,0,0,0,0,0,0,0,0,0,0,0,0,199,253,253,253,253,255,253,146,3,0,0,0,0,0,0,0,0,0,0,0,0,0,0,0,0,0,0,0,199,253,253,253,253,254,253,253,145,0,0,0,0,0,0,0,0,0,0,0,0,0,0,0,0,0,0,0,199,253,253,237,134,11,69,250,253,85,0,0,0,0,0,0,0,0,0,0,0,0,0,0,0,0,0,37,235,253,253,66,0,0,0,186,253,172,12,0,0,0,0,0,0,0,0,0,0,0,0,0,0,0,0,37,234,253,238,43,0,0,0,100,253,253,55,0,0,0,0,0,0,0,0,0,0,0,0,0,0,0,0,0,104,238,250,198,16,0,3,107,253,253,55,0,0,0,0,0,0,0,0,0,0,0,0,0,0,0,0,0,0,101,236,253,167,155,181,253,253,244,45,0,0,0,0,0,0,0,0,0,0,0,0,0,0,0,0,0,0,0,73,253,253,254,253,253,253,164,0,0,0,0,0,0,0,0,0,0,0,0,0,0,0,0,0,0,0,0,6,67,239,254,253,161,85,12,0,0,0,0,0,0,0,0,0,0,0,0,0,0,0,0,0,0,0,0,0,0,0,0,0,0,0,0,0,0,0,0,0,0,0,0,0,0,0,0,0,0,0,0,0,0,0,0,0,0,0,0,0,0,0,0,0,0,0,0,0,0,0,0,0,0,0,0,0,0,0,0,0,0,0,0,0,0,0,0,0,0,0,0,0,0,0,0,0,0,0,0,0,0,0,0,0,0,0,0,0,0,0,0,0,0,0,0,0,0,0,0,0,0,0,0,0,0,0,0,0,0,0,0,0,0,0,0,0,0,0,0,0,0,0,0,0,0,0,0,0,0,0,0,0,0,0,0,0
3,0,0,0,0,0,0,0,0,0,0,0,0,0,0,0,0,0,0,0,0,0,0,0,0,0,0,0,0,0,0,0,0,0,0,0,0,0,0,0,0,0,0,0,0,0,0,0,0,0,0,0,0,0,0,0,0,0,0,0,0,0,0,0,0,0,0,0,0,0,0,0,0,0,0,0,0,0,0,0,0,0,0,0,0,0,0,0,0,0,0,0,0,0,0,0,0,0,0,0,0,0,0,0,0,0,0,0,0,0,0,0,0,0,0,0,0,0,0,0,0,0,0,0,0,0,0,0,0,0,0,11,106,239,32,0,0,0,0,0,0,0,0,0,0,0,0,0,0,0,0,0,0,0,0,0,6,77,161,214,253,247,28,0,0,0,0,0,0,0,0,0,0,0,0,0,0,0,0,0,0,0,3,58,200,253,253,239,247,118,0,0,0,0,0,0,0,0,0,0,0,0,0,0,0,0,0,0,0,60,200,253,253,152,126,240,92,0,0,0,0,0,0,0,0,0,0,0,0,0,0,0,0,0,0,55,203,252,254,183,30,92,243,114,0,0,0,0,0,0,0,0,0,0,0,0,0,0,0,0,0,0,27,239,254,189,50,0,68,244,90,0,0,0,0,0,0,0,0,0,0,0,0,0,0,0,0,0,0,0,73,221,131,4,0,69,241,233,115,10,0,0,0,0,0,0,0,0,0,0,0,0,0,0,0,0,0,0,0,0,0,0,132,241,253,253,253,208,0,0,0,0,0,0,0,0,0,0,0,0,0,0,0,0,0,0,0,0,16,188,254,253,186,111,224,247,36,0,0,0,0,0,0,0,0,0,0,0,0,0,0,0,0,0,0,0,138,253,194,35,3,0,133,254,137,0,0,0,0,0,0,0,0,0,0,0,0,0,0,0,0,0,0,0,214,163,25,0,0,0,80,255,63,0,0,0,0,0,0,0,0,0,0,0,0,0,0,0,0,0,0,0,20,0,0,0,0,0,80,247,36,0,0,0,0,0,0,0,0,0,0,0,0,0,0,0,0,0,0,0,0,0,0,0,0,0,144,238,0,0,0,0,0,0,0,0,0,0,0,0,0,0,0,0,0,0,0,0,0,0,0,0,0,0,228,148,0,0,0,0,0,0,0,0,0,0,0,0,0,0,80,95,0,0,0,0,0,0,0,0,0,20,243,5,0,0,0,0,0,0,0,0,0,0,0,0,0,22,239,254,75,0,0,0,0,0,0,0,0,148,194,0,0,0,0,0,0,0,0,0,0,0,0,0,0,18,222,253,233,107,8,0,0,0,0,4,72,228,33,0,0,0,0,0,0,0,0,0,0,0,0,0,0,0,54,217,253,254,218,206,161,176,207,212,253,86,0,0,0,0,0,0,0,0,0,0,0,0,0,0,0,0,0,28,224,254,253,253,253,253,254,205,111,4,0,0,0,0,0,0,0,0,0,0,0,0,0,0,0,0,0,0,60,149,233,238,173,125,41,4,0,0,0,0,0,0,0,0,0,0,0,0,0,0,0,0,0,0,0,0,0,0,0,0,0,0,0,0,0,0,0,0,0,0,0,0,0,0,0,0,0,0,0,0,0,0,0,0,0,0,0,0,0,0,0,0,0,0,0,0,0,0,0,0,0,0,0,0,0,0,0,0,0,0,0,0,0,0,0,0,0,0,0,0,0,0,0,0,0,0,0,0,0,0,0,0,0,0,0,0,0,0,0,0,0,0,0,0,0,0,0,0,0,0,0,0,0,0,0,0,0,0,0,0,0
7,0,0,0,0,0,0,0,0,0,0,0,0,0,0,0,0,0,0,0,0,0,0,0,0,0,0,0,0,0,0,0,0,0,0,0,0,0,0,0,0,0,0,0,0,0,0,0,0,0,0,0,0,0,0,0,0,0,0,0,0,0,0,0,0,0,0,0,0,0,0,0,0,0,0,0,0,0,0,0,0,0,0,0,0,0,0,0,0,0,0,0,0,0,0,0,0,0,0,0,0,0,0,0,0,0,0,0,0,0,0,0,0,0,0,0,0,0,0,0,0,0,0,0,0,0,0,0,0,0,0,0,0,0,0,0,0,0,0,0,0,0,0,0,0,0,0,0,0,0,0,0,0,0,0,0,0,0,0,0,0,0,0,0,0,0,0,0,0,0,0,0,0,0,0,0,0,0,0,0,0,0,0,0,0,0,0,0,0,0,0,0,0,0,0,0,0,0,0,0,0,0,0,0,0,0,100,162,222,238,162,95,0,0,0,0,0,0,0,0,0,0,0,0,0,0,0,0,0,0,0,0,0,127,250,220,208,207,228,254,232,38,0,0,0,0,0,0,0,0,0,0,0,0,0,0,0,0,0,0,32,225,184,13,0,0,21,114,254,212,30,0,0,0,0,0,0,0,0,0,0,0,0,0,0,0,0,0,70,203,29,0,0,0,0,0,153,254,214,26,0,0,0,0,0,0,0,0,0,0,0,0,0,0,0,0,26,76,0,0,0,0,0,0,0,173,254,69,0,0,0,0,0,0,0,0,0,0,0,0,0,0,0,0,0,0,0,0,0,0,0,0,0,139,254,69,0,0,0,0,0,0,0,0,0,0,0,0,0,0,0,0,0,0,0,0,0,0,0,0,0,215,254,69,0,0,0,0,0,0,0,0,0,0,0,0,0,0,0,0,0,0,0,0,0,0,0,0,0,231,245,44,0,0,0,0,0,0,0,0,0,0,0,0,0,0,0,0,0,0,0,0,0,0,0,0,20,238,206,0,0,0,0,0,0,0,0,0,0,0,0,0,0,0,0,0,0,0,0,0,0,0,0,0,137,254,54,0,0,0,0,0,0,0,0,0,0,0,0,0,0,0,0,0,0,0,0,0,0,0,0,9,254,199,9,0,0,0,0,0,0,0,0,0,0,0,0,0,0,0,0,0,0,0,0,0,0,0,9,185,254,23,0,0,0,0,0,0,0,0,0,0,0,0,0,0,0,0,0,0,0,0,0,0,0,0,108,254,102,0,0,0,0,0,0,0,0,0,0,0,0,0,0,0,0,0,0,0,0,0,0,0,0,43,250,203,0,0,0,0,0,0,0,0,0,0,0,0,0,0,0,0,0,0,0,0,0,0,0,0,0,123,245,61,0,0,0,0,0,0,0,0,0,0,0,0,0,0,0,0,0,0,0,0,0,0,0,0,0,206,203,19,0,0,0,0,0,0,0,0,0,0,0,0,0,0,0,0,0,0,0,0,0,0,0,0,96,255,46,0,0,0,0,0,0,0,0,0,0,0,0,0,0,0,0,0,0,0,0,0,0,0,0,0,213,144,4,0,0,0,0,0,0,0,0,0,0,0,0,0,0,0,0,0,0,0,0,0,0,0,0,0,248,21,0,0,0,0,0,0,0,0,0,0,0,0,0,0,0,0,0,0,0,0,0,0,0,0,0,0,118,0,0,0,0,0,0,0,0,0,0,0,0,0,0,0,0,0,0,0,0,0,0,0,0,0,0,0,0,0,0,0,0,0,0,0,0,0,0,0,0,0,0,0,0
7,0,0,0,0,0,0,0,0,0,0,0,0,0,0,0,0,0,0,0,0,0,0,0,0,0,0,0,0,0,0,0,0,0,0,0,0,0,0,0,0,0,0,0,0,0,0,0,0,0,0,0,0,0,0,0,0,0,0,0,0,0,0,0,0,0,0,0,0,0,0,0,0,0,0,0,0,0,0,0,0,0,0,0,0,0,0,0,0,0,0,0,0,0,0,0,0,0,0,0,0,0,0,0,0,0,0,0,0,0,0,0,0,0,0,0,0,0,0,0,0,0,0,0,0,0,0,0,0,0,0,0,0,0,0,0,0,0,0,0,0,0,0,0,0,0,0,0,0,0,0,0,0,0,0,0,0,0,0,0,0,0,0,0,0,0,0,0,0,0,0,0,0,0,0,0,0,0,0,0,0,0,0,0,0,0,0,0,0,0,0,0,0,0,0,0,0,0,0,0,0,0,0,0,0,0,0,0,0,0,0,0,0,0,0,0,0,0,0,0,0,0,0,0,0,0,0,0,0,0,0,0,0,0,0,0,0,0,0,0,0,0,0,0,0,0,0,0,0,0,0,0,0,0,0,0,0,0,0,0,0,0,0,0,0,0,0,0,0,0,0,0,0,20,29,0,0,0,0,0,0,0,0,0,6,156,66,0,0,0,0,0,0,0,44,218,226,63,55,109,182,245,223,0,0,0,0,0,0,0,0,0,129,231,34,0,0,0,0,0,42,154,245,254,254,254,254,232,248,241,92,0,0,0,0,0,0,0,0,94,243,43,0,0,0,0,93,209,254,254,254,246,191,127,60,37,236,141,0,0,0,0,0,0,0,0,0,255,88,0,0,0,0,0,234,254,188,101,51,21,0,0,9,191,212,11,0,0,0,0,0,0,0,0,0,45,1,0,0,0,0,0,62,40,1,0,0,0,0,2,174,226,41,0,0,0,0,0,0,0,0,0,0,0,0,0,0,0,0,0,0,0,0,0,0,0,0,99,245,61,0,0,0,0,0,0,0,0,0,0,0,0,0,0,0,0,0,0,0,0,0,0,0,0,86,248,113,0,0,0,0,0,0,0,0,0,0,0,0,0,0,0,0,0,0,0,0,0,0,0,0,72,249,139,0,0,0,0,0,0,0,0,0,0,0,0,0,0,0,0,0,0,0,0,0,0,0,0,54,233,196,15,0,0,0,0,0,0,0,0,0,0,0,0,0,0,0,0,0,0,0,0,0,0,0,6,226,207,20,0,0,0,0,0,0,0,0,0,0,0,0,0,0,0,0,0,0,0,0,0,0,0,11,167,233,72,0,0,0,0,0,0,0,0,0,0,0,0,0,0,0,0,0,0,0,0,0,0,0,0,136,247,58,0,0,0,0,0,0,0,0,0,0,0,0,0,0,0,0,0,0,0,0,0,0,0,0,31,243,108,0,0,0,0,0,0,0,0,0,0,0,0,0,0,0,0,0,0,0,0,0,0,0,0,0,138,169,2,0,0,0,0,0,0,0,0,0,0,0,0,0,0,0,0,0,0,0,0,0,0,0,0,0,24,17,0,0,0,0,0,0,0,0,0,0,0,0,0,0,0,0,0,0,0,0,0,0,0,0,0,0,0,0,0,0,0,0,0,0,0,0,0,0,0,0,0,0,0,0,0,0,0,0,0,0,0,0,0,0,0,0,0,0,0,0,0,0,0,0,0,0,0,0,0,0,0,0,0,0,0,0,0,0,0,0,0,0,0,0,0,0,0,0,0,0,0,0,0,0,0,0,0,0,0,0
5,0,0,0,0,0,0,0,0,0,0,0,0,0,0,0,0,0,0,0,0,0,0,0,0,0,0,0,0,0,0,0,0,0,0,0,0,0,0,0,0,0,0,0,0,0,0,0,0,0,0,0,0,0,0,0,0,0,0,0,0,0,0,0,0,0,0,0,0,0,0,0,0,0,0,0,0,0,0,0,0,0,0,0,0,0,0,0,0,0,0,0,0,0,0,0,0,0,0,0,0,0,0,0,0,0,0,0,0,0,0,0,0,0,0,0,0,0,0,0,0,0,0,0,0,0,0,0,0,0,0,0,0,0,0,0,0,0,0,0,0,0,0,0,0,0,0,0,0,0,0,0,0,5,63,118,128,255,187,0,0,0,0,0,0,0,0,0,0,0,0,0,0,0,0,0,0,29,111,126,181,223,254,254,195,254,68,0,0,0,0,0,0,0,0,0,0,0,0,0,0,0,0,0,68,253,254,254,254,254,254,149,17,67,5,0,0,0,0,0,0,0,0,0,0,0,0,0,0,0,0,0,37,251,254,143,81,4,4,1,0,0,0,0,0,0,0,0,0,0,0,0,0,0,0,0,0,0,0,0,0,250,254,72,0,0,0,0,0,0,0,0,0,0,0,0,0,0,0,0,0,0,0,0,0,0,0,0,0,180,254,72,0,0,0,0,0,0,0,0,0,0,0,0,0,0,0,0,0,0,0,0,0,0,0,0,0,153,254,164,0,0,0,0,0,0,0,0,0,0,0,0,0,0,0,0,0,0,0,0,0,0,0,0,0,74,254,206,4,0,0,0,0,0,0,0,0,0,0,0,0,0,0,0,0,0,0,0,0,0,0,0,0,18,227,254,9,0,0,0,0,25,82,17,0,0,0,0,0,0,0,0,0,0,0,0,0,0,0,0,0,0,198,254,100,0,16,67,186,244,254,199,17,0,0,0,0,0,0,0,0,0,0,0,0,0,0,0,0,0,79,254,206,154,222,254,253,239,247,254,195,16,0,0,0,0,0,0,0,0,0,0,0,0,0,0,0,0,8,205,254,254,254,210,95,0,61,238,254,160,18,0,0,0,0,0,0,0,0,0,0,0,0,0,0,0,0,46,115,108,19,8,0,0,0,132,254,254,74,0,0,0,0,0,0,0,0,0,0,0,0,0,0,0,0,0,0,0,0,0,0,0,0,2,185,254,152,0,0,0,0,0,0,0,0,0,0,0,0,0,0,0,0,0,0,0,0,0,0,0,0,0,168,254,152,0,0,0,0,0,0,0,0,0,0,0,0,0,0,0,0,0,0,0,0,0,0,0,0,0,118,254,204,0,0,0,0,0,0,0,0,0,0,0,0,0,0,0,0,0,0,0,0,0,0,0,0,0,146,254,247,0,0,0,0,0,0,0,0,0,0,0,0,0,0,0,0,0,0,0,0,0,0,0,0,7,223,254,128,0,0,0,0,0,0,0,0,0,0,0,0,0,0,0,0,0,0,0,0,0,0,0,0,109,254,219,7,0,0,0,0,0,0,0,0,0,0,0,0,0,0,0,0,0,0,0,0,0,0,0,106,241,254,179,0,0,0,0,0,0,0,0,0,0,0,0,0,0,0,0,0,0,0,0,0,0,0,0,0,0,0,0,0,0,0,0,0,0,0,0,0,0,0,0,0,0,0,0,0,0,0,0,0,0,0,0,0,0,0,0,0,0,0,0,0,0,0,0,0,0,0,0,0,0,0,0,0,0,0,0,0,0,0,0,0,0,0,0,0,0,0,0,0,0,0
8,0,0,0,0,0,0,0,0,0,0,0,0,0,0,0,0,0,0,0,0,0,0,0,0,0,0,0,0,0,0,0,0,0,0,0,0,0,0,0,0,0,0,0,0,0,0,0,0,0,0,0,0,0,0,0,0,0,0,0,0,0,0,0,0,0,0,0,0,0,0,0,0,0,0,0,0,0,0,0,0,0,0,0,0,0,0,0,0,0,0,0,0,0,0,0,0,0,0,0,0,0,0,0,0,0,0,0,0,0,0,0,0,0,0,0,0,0,0,0,0,0,0,0,0,0,0,53,202,244,255,191,11,0,0,0,0,0,0,0,0,0,0,0,0,0,0,0,0,0,0,0,0,0,42,238,243,180,181,243,187,11,0,0,0,0,0,0,0,0,0,0,0,0,0,0,0,0,0,0,0,11,234,243,42,0,0,156,255,36,0,0,0,0,0,0,0,0,0,0,0,0,0,0,0,0,0,0,0,135,233,36,0,0,0,32,254,36,42,0,0,0,0,0,0,0,0,0,0,0,0,0,0,0,0,0,0,217,94,0,0,0,0,0,254,129,63,0,0,0,0,0,0,0,0,0,0,0,0,0,0,0,0,0,73,248,32,0,0,0,0,21,212,211,0,0,0,0,0,0,0,0,0,0,0,0,0,0,0,0,0,0,110,254,0,0,0,0,27,213,228,21,0,0,0,0,0,0,0,0,0,0,0,0,0,0,0,0,0,0,68,253,63,0,0,21,213,232,42,0,0,0,0,0,0,0,0,0,0,0,0,0,0,0,0,0,0,0,0,187,135,0,79,223,249,73,0,0,0,0,0,0,0,0,0,0,0,0,0,0,0,0,0,0,0,0,0,145,249,176,254,232,94,0,0,0,0,0,0,0,0,0,0,0,0,0,0,0,0,0,0,0,0,0,0,105,255,254,239,83,0,0,0,0,0,0,0,0,0,0,0,0,0,0,0,0,0,0,0,0,0,0,42,228,254,253,52,0,0,0,0,0,0,0,0,0,0,0,0,0,0,0,0,0,0,0,0,0,0,94,234,254,223,254,0,0,0,0,0,0,0,0,0,0,0,0,0,0,0,0,0,0,0,0,0,0,73,248,254,149,37,253,0,0,0,0,0,0,0,0,0,0,0,0,0,0,0,0,0,0,0,0,0,11,254,254,105,0,47,254,0,0,0,0,0,0,0,0,0,0,0,0,0,0,0,0,0,0,0,0,0,176,253,149,0,0,150,232,0,0,0,0,0,0,0,0,0,0,0,0,0,0,0,0,0,0,0,0,27,244,207,0,0,11,213,99,0,0,0,0,0,0,0,0,0,0,0,0,0,0,0,0,0,0,0,0,37,253,124,0,63,197,212,16,0,0,0,0,0,0,0,0,0,0,0,0,0,0,0,0,0,0,0,0,21,238,254,254,255,233,42,0,0,0,0,0,0,0,0,0,0,0,0,0,0,0,0,0,0,0,0,0,0,114,253,232,150,47,0,0,0,0,0,0,0,0,0,0,0,0,0,0,0,0,0,0,0,0,0,0,0,0,0,0,0,0,0,0,0,0,0,0,0,0,0,0,0,0,0,0,0,0,0,0,0,0,0,0,0,0,0,0,0,0,0,0,0,0,0,0,0,0,0,0,0,0,0,0,0,0,0,0,0,0,0,0,0,0,0,0,0,0,0,0,0,0,0,0,0,0,0,0,0,0,0,0,0,0,0,0,0,0,0,0,0,0,0,0,0,0,0,0,0,0,0,0,0,0,0,0,0,0,0,0,0
8,0,0,0,0,0,0,0,0,0,0,0,0,0,0,0,0,0,0,0,0,0,0,0,0,0,0,0,0,0,0,0,0,0,0,0,0,0,0,0,0,0,0,0,0,0,0,0,0,0,0,0,0,0,0,0,0,0,0,0,0,0,0,0,0,0,0,0,0,0,0,0,0,0,0,0,0,0,0,0,0,0,0,0,0,0,0,0,0,0,0,0,0,0,0,0,0,0,0,0,0,0,0,0,0,0,0,0,0,0,0,0,0,0,0,0,0,0,0,0,0,0,0,0,0,0,0,0,0,0,0,0,0,0,0,0,0,0,0,0,0,0,0,0,0,0,0,0,0,0,0,0,0,0,0,11,139,212,190,5,0,0,0,0,0,0,0,0,0,0,0,0,0,0,0,0,0,0,0,0,0,0,60,203,253,252,252,177,36,0,0,0,0,0,0,0,0,0,0,0,0,0,0,0,0,0,0,0,0,19,188,252,253,252,252,252,137,0,0,0,0,0,0,0,0,0,0,0,0,0,0,0,0,0,0,0,81,220,252,252,253,252,252,252,232,43,0,0,0,0,0,0,0,0,0,0,0,0,0,0,0,0,0,74,244,252,210,137,23,22,137,252,252,116,0,0,0,0,0,0,0,0,0,0,0,0,0,0,0,0,74,255,253,236,42,0,0,0,70,253,253,106,0,0,0,0,0,0,0,0,0,0,0,0,0,0,0,0,230,253,223,25,0,0,0,0,91,252,157,0,0,0,0,0,0,0,0,0,0,0,0,0,0,0,0,0,199,253,240,101,70,7,38,142,234,227,16,0,0,0,0,0,0,0,0,0,0,0,0,0,0,0,0,0,74,253,252,252,252,211,233,252,252,66,0,0,0,0,0,0,0,0,0,0,0,0,0,0,0,0,0,0,0,33,137,221,252,252,253,252,221,25,0,0,0,0,0,0,0,0,0,0,0,0,0,0,0,0,0,0,0,0,5,191,253,253,255,253,253,46,0,0,0,0,0,0,0,0,0,0,0,0,0,0,0,0,0,0,0,15,178,252,235,227,144,113,240,119,0,0,0,0,0,0,0,0,0,0,0,0,0,0,0,0,0,0,32,138,252,252,149,42,0,0,184,202,11,0,0,0,0,0,0,0,0,0,0,0,0,0,0,0,0,0,116,253,235,77,29,0,0,0,184,194,9,0,0,0,0,0,0,0,0,0,0,0,0,0,0,0,0,0,116,253,102,0,0,0,0,0,184,168,2,0,0,0,0,0,0,0,0,0,0,0,0,0,0,0,0,0,168,233,19,0,0,0,0,110,253,46,0,0,0,0,0,0,0,0,0,0,0,0,0,0,0,0,0,0,95,253,236,78,9,0,57,211,174,17,0,0,0,0,0,0,0,0,0,0,0,0,0,0,0,0,0,0,0,169,252,252,196,184,253,123,0,0,0,0,0,0,0,0,0,0,0,0,0,0,0,0,0,0,0,0,0,44,252,252,252,252,203,58,0,0,0,0,0,0,0,0,0,0,0,0,0,0,0,0,0,0,0,0,0,3,117,252,200,147,63,0,0,0,0,0,0,0,0,0,0,0,0,0,0,0,0,0,0,0,0,0,0,0,0,0,0,0,0,0,0,0,0,0,0,0,0,0,0,0,0,0,0,0,0,0,0,0,0,0,0,0,0,0,0,0,0,0,0,0,0,0,0,0,0,0,0,0,0,0,0,0,0,0,0,0,0,0,0,0,0,0,0,0,0,0,0,0,0,0,0,0,0,0,0,0,0
9,0,0,0,0,0,0,0,0,0,0,0,0,0,0,0,0,0,0,0,0,0,0,0,0,0,0,0,0,0,0,0,0,0,0,0,0,0,0,0,0,0,0,0,0,0,0,0,0,0,0,0,0,0,0,0,0,0,0,0,0,0,0,0,0,0,0,0,0,0,0,0,0,0,0,0,0,0,0,0,0,0,0,0,0,0,0,0,0,0,0,0,0,0,0,0,0,0,0,0,0,0,0,0,0,0,0,0,0,0,0,0,0,0,0,0,0,0,0,0,0,0,0,0,0,0,0,0,0,0,0,0,0,0,0,0,0,0,0,0,0,0,0,0,0,0,0,0,0,0,0,0,0,0,0,0,0,0,0,0,0,0,0,0,0,0,0,0,0,0,0,0,0,0,0,0,0,0,0,0,0,0,0,0,0,0,0,0,183,16,0,0,0,0,0,0,0,0,0,0,0,0,0,0,0,0,0,0,0,0,0,31,145,213,142,0,182,16,0,0,0,0,0,0,0,0,0,0,0,0,0,0,0,0,0,0,0,27,180,242,232,239,251,0,175,14,0,0,0,0,0,0,0,0,0,0,0,0,0,0,0,0,0,0,30,228,232,128,12,45,246,0,33,0,0,0,0,0,0,0,0,0,0,0,0,0,0,0,0,0,0,26,203,233,47,0,0,1,185,0,0,0,0,0,0,0,0,0,0,0,0,0,0,0,0,0,0,0,1,129,235,63,0,0,1,89,251,0,0,0,0,0,0,0,0,0,0,0,0,0,0,0,0,0,0,0,34,254,92,0,0,0,141,254,251,0,0,0,0,0,0,0,0,0,0,0,0,0,0,0,0,0,0,0,84,248,1,0,48,188,254,254,203,0,0,0,0,0,0,0,0,0,0,0,0,0,0,0,0,0,0,0,55,254,207,193,247,237,254,254,156,0,0,0,0,0,0,0,0,0,0,0,0,0,0,0,0,0,0,0,6,126,206,190,238,249,254,242,11,0,0,0,0,0,0,0,0,0,0,0,0,0,0,0,0,0,0,0,0,0,0,0,242,254,254,120,0,0,0,0,0,0,0,0,0,0,0,0,0,0,0,0,0,0,0,0,0,0,0,0,128,254,244,30,0,0,0,0,0,0,0,0,0,0,0,0,0,0,0,0,0,0,0,0,0,0,0,0,149,254,112,0,0,0,0,0,0,0,0,0,0,0,0,0,0,0,0,0,0,0,0,0,0,0,0,13,245,171,0,0,0,0,0,0,0,0,0,0,0,0,0,0,0,0,0,0,0,0,0,0,0,0,0,178,246,56,0,0,0,0,0,0,0,0,0,0,0,0,0,0,0,0,0,0,0,0,0,0,0,0,71,254,128,0,0,0,0,0,0,0,0,0,0,0,0,0,0,0,0,0,0,0,0,0,0,0,0,11,194,234,8,0,0,0,0,0,0,0,0,0,0,0,0,0,0,0,0,0,0,0,0,0,0,0,0,96,254,100,0,0,0,0,0,0,0,0,0,0,0,0,0,0,0,0,0,0,0,0,0,0,0,0,10,221,183,1,0,0,0,0,0,0,0,0,0,0,0,0,0,0,0,0,0,0,0,0,0,0,0,0,69,253,76,0,0,0,0,0,0,0,0,0,0,0,0,0,0,0,0,0,0,0,0,0,0,0,0,0,0,0,0,0,0,0,0,0,0,0,0,0,0,0,0,0,0,0,0,0,0,0,0,0,0,0,0,0,0,0,0,0,0,0,0,0,0,0,0,0,0,0,0,0,0,0,0
0,0,0,0,0,0,0,0,0,0,0,0,0,0,0,0,0,0,0,0,0,0,0,0,0,0,0,0,0,0,0,0,0,0,0,0,0,0,0,0,0,0,0,0,0,0,0,0,0,0,0,0,0,0,0,0,0,0,0,0,0,0,0,0,0,0,0,0,0,0,0,0,0,0,0,0,0,0,0,0,0,0,0,0,0,0,0,0,0,0,0,0,0,0,0,0,0,0,0,0,0,0,0,0,0,0,0,0,0,0,0,0,0,0,0,0,0,0,0,0,0,0,0,0,0,64,66,17,0,0,0,0,0,0,0,0,0,0,0,0,0,0,0,0,0,0,0,0,0,0,7,87,225,252,253,232,167,83,23,0,0,0,0,0,0,0,0,0,0,0,0,0,0,0,0,0,0,0,86,253,253,253,253,246,254,253,230,134,15,0,0,0,0,0,0,0,0,0,0,0,0,0,0,0,0,51,216,253,253,159,84,22,85,132,208,253,237,87,0,0,0,0,0,0,0,0,0,0,0,0,0,0,2,178,253,249,109,1,0,0,0,0,8,109,249,251,168,5,0,0,0,0,0,0,0,0,0,0,0,0,87,253,249,77,0,0,0,0,0,0,0,0,78,242,253,166,3,0,0,0,0,0,0,0,0,0,0,0,169,253,143,0,0,0,0,0,0,0,0,0,0,41,228,253,69,0,0,0,0,0,0,0,0,0,0,114,251,180,1,0,0,0,0,0,0,0,0,0,0,0,38,248,228,15,0,0,0,0,0,0,0,0,67,249,253,132,0,0,0,0,0,0,0,0,0,0,0,0,0,234,253,111,0,0,0,0,0,0,0,0,159,253,211,22,0,0,0,0,0,0,0,0,0,0,0,0,0,81,253,159,0,0,0,0,0,0,0,0,255,254,126,0,0,0,0,0,0,0,0,0,0,0,0,0,0,21,230,254,0,0,0,0,0,0,0,0,254,233,27,0,0,0,0,0,0,0,0,0,0,0,0,0,0,30,235,253,0,0,0,0,0,0,0,0,254,215,0,0,0,0,0,0,0,0,0,0,0,0,0,0,0,99,253,249,0,0,0,0,0,0,0,0,254,215,0,0,14,152,169,76,0,0,0,0,0,0,0,0,26,247,253,159,0,0,0,0,0,0,0,0,201,236,31,0,169,249,109,1,0,0,0,0,0,0,0,11,213,253,253,72,0,0,0,0,0,0,0,0,152,253,140,12,184,242,82,8,0,0,0,0,0,0,4,141,253,253,251,61,0,0,0,0,0,0,0,0,20,135,253,225,219,189,253,208,168,54,0,0,35,113,192,253,253,253,127,0,0,0,0,0,0,0,0,0,0,2,47,137,84,18,196,251,253,249,245,244,248,253,253,253,234,15,2,0,0,0,0,0,0,0,0,0,0,0,0,0,0,0,0,57,211,245,254,253,253,253,247,182,53,0,0,0,0,0,0,0,0,0,0,0,0,0,0,0,0,0,0,0,0,49,66,65,65,65,53,0,0,0,0,0,0,0,0,0,0,0,0,0,0,0,0,0,0,0,0,0,0,0,0,0,0,0,0,0,0,0,0,0,0,0,0,0,0,0,0,0,0,0,0,0,0,0,0,0,0,0,0,0,0,0,0,0,0,0,0,0,0,0,0,0,0,0,0,0,0,0,0,0,0,0,0,0,0,0,0,0,0,0,0,0,0,0,0,0,0,0,0,0,0,0,0,0,0,0,0,0,0,0,0,0,0,0,0,0,0,0,0,0,0,0,0,0,0,0,0
0,0,0,0,0,0,0,0,0,0,0,0,0,0,0,0,0,0,0,0,0,0,0,0,0,0,0,0,0,0,0,0,0,0,0,0,0,0,0,0,0,0,0,0,0,0,0,0,0,0,0,0,0,0,0,0,0,0,0,0,0,0,0,0,0,0,0,0,0,0,0,0,0,0,0,0,0,0,0,0,0,0,0,0,0,0,0,0,0,0,0,0,0,0,0,0,0,0,0,0,0,0,0,0,0,0,0,0,0,0,0,0,0,0,0,0,0,0,0,0,0,0,0,0,0,0,0,0,0,0,0,0,0,0,45,203,254,194,0,0,0,0,0,0,0,0,0,0,0,0,0,0,0,0,0,0,0,0,0,0,37,155,249,254,254,254,0,0,0,0,0,0,0,0,0,0,0,0,0,0,0,0,0,0,0,0,37,158,246,254,254,254,254,232,0,0,0,0,0,0,0,0,0,0,0,0,0,0,0,0,0,0,35,108,237,254,244,158,44,26,191,166,0,0,0,0,0,0,0,0,0,0,0,0,0,0,0,0,0,61,243,254,254,165,41,0,0,4,196,150,0,0,0,0,0,0,0,0,0,0,0,0,0,0,0,15,132,240,254,232,86,5,0,0,0,91,207,41,0,0,0,0,0,0,0,0,0,0,0,0,0,0,3,181,254,254,237,56,0,0,0,0,0,115,148,0,0,0,0,0,0,0,0,0,0,0,0,0,0,58,181,254,254,254,52,0,0,0,0,0,27,220,17,0,0,0,0,0,0,0,0,0,0,0,0,0,39,242,254,174,170,251,0,0,0,0,0,0,118,145,0,0,0,0,0,0,0,0,0,0,0,0,0,49,231,254,175,19,30,52,0,0,0,0,0,43,220,61,0,0,0,0,0,0,0,0,0,0,0,0,41,246,254,146,18,0,0,0,0,0,0,0,0,150,170,0,0,0,0,0,0,0,0,0,0,0,0,20,236,254,147,17,0,0,0,0,0,0,0,0,98,252,116,0,0,0,0,0,0,0,0,0,0,0,0,204,254,131,3,0,0,0,0,0,0,0,0,83,234,199,4,0,0,0,0,0,0,0,0,0,0,0,90,253,153,12,0,0,0,0,0,0,0,0,102,233,226,74,0,0,0,0,0,0,0,0,0,0,0,0,212,217,9,0,0,0,0,0,0,0,57,186,251,181,29,0,0,0,0,0,0,0,0,0,0,0,0,0,254,111,0,0,0,0,0,0,29,153,240,254,148,20,0,0,0,0,0,0,0,0,0,0,0,0,0,0,254,142,2,0,23,39,115,181,239,254,237,119,4,0,0,0,0,0,0,0,0,0,0,0,0,0,0,0,255,254,197,193,245,254,254,254,247,145,21,0,0,0,0,0,0,0,0,0,0,0,0,0,0,0,0,0,251,254,254,254,254,254,253,178,68,0,0,0,0,0,0,0,0,0,0,0,0,0,0,0,0,0,0,0,79,251,193,205,166,94,71,0,0,0,0,0,0,0,0,0,0,0,0,0,0,0,0,0,0,0,0,0,0,0,0,0,0,0,0,0,0,0,0,0,0,0,0,0,0,0,0,0,0,0,0,0,0,0,0,0,0,0,0,0,0,0,0,0,0,0,0,0,0,0,0,0,0,0,0,0,0,0,0,0,0,0,0,0,0,0,0,0,0,0,0,0,0,0,0,0,0,0,0,0,0,0,0,0,0,0,0,0,0,0,0,0,0,0,0,0,0,0,0,0,0,0,0,0,0,0,0,0,0,0,0,0,0,0,0
4,0,0,0,0,0,0,0,0,0,0,0,0,0,0,0,0,0,0,0,0,0,0,0,0,0,0,0,0,0,0,0,0,0,0,0,0,0,0,0,0,0,0,0,0,0,0,0,0,0,0,0,0,0,0,0,0,0,0,0,0,0,0,0,0,0,0,0,0,0,0,0,0,0,0,0,0,0,0,0,0,0,0,0,0,0,0,0,0,0,0,0,0,0,0,0,0,0,0,0,0,0,0,58,6,0,0,0,0,0,0,0,0,0,0,0,0,0,0,0,0,0,0,0,0,0,0,0,0,0,0,125,235,84,0,0,0,0,0,0,0,0,0,0,0,0,0,0,0,0,0,0,0,0,27,150,21,0,0,125,253,170,0,0,0,0,0,0,0,0,0,0,0,0,0,0,0,0,0,0,0,24,200,253,172,0,0,125,253,233,41,0,0,0,0,0,0,0,0,0,0,0,0,0,0,0,0,0,0,128,253,253,238,79,0,125,253,253,54,0,0,0,0,0,0,0,0,0,0,0,0,0,0,0,0,1,85,251,253,253,253,242,66,125,253,253,136,0,0,0,0,0,0,0,0,0,0,0,0,0,0,0,0,14,253,253,253,253,253,239,53,125,253,253,121,0,0,0,0,0,0,0,0,0,0,0,0,0,0,0,15,192,253,253,253,253,232,53,0,125,253,253,54,0,0,0,0,0,0,0,0,0,0,0,0,0,0,20,186,253,253,253,253,253,156,0,0,125,253,253,54,0,0,0,0,0,0,0,0,0,0,0,0,0,21,183,253,253,253,253,253,159,13,0,0,125,253,253,54,0,0,0,0,0,0,0,0,0,0,0,0,0,176,253,253,253,253,253,236,38,10,64,186,219,253,253,166,15,0,0,0,0,0,0,0,0,0,0,0,78,239,253,253,253,253,253,222,165,182,253,253,253,253,253,253,168,26,0,0,0,0,0,0,0,0,0,71,245,253,253,253,253,253,253,253,253,253,253,253,253,253,253,253,253,232,0,0,0,0,0,0,0,0,0,254,253,253,253,253,253,253,253,253,253,253,253,253,253,253,253,253,253,243,57,0,0,0,0,0,0,0,0,254,253,253,253,253,253,253,253,253,253,253,253,253,253,253,253,253,236,206,143,0,0,0,0,0,0,0,0,254,253,253,253,253,253,253,253,253,253,237,170,93,34,242,253,253,93,18,0,0,0,0,0,0,0,0,0,118,248,253,253,253,253,253,253,231,154,44,0,0,0,241,253,253,75,0,0,0,0,0,0,0,0,0,0,0,211,253,253,248,204,75,75,49,0,0,0,0,0,218,253,253,75,0,0,0,0,0,0,0,0,0,0,0,37,96,96,83,0,0,0,0,0,0,0,0,0,95,232,232,69,0,0,0,0,0,0,0,0,0,0,0,0,0,0,0,0,0,0,0,0,0,0,0,0,0,0,0,0,0,0,0,0,0,0,0,0,0,0,0,0,0,0,0,0,0,0,0,0,0,0,0,0,0,0,0,0,0,0,0,0,0,0,0,0,0,0,0,0,0,0,0,0,0,0,0,0,0,0,0,0,0,0,0,0,0,0,0,0,0,0,0,0,0,0,0,0,0,0,0,0,0,0,0,0,0,0,0,0,0,0,0,0,0,0,0,0,0,0,0,0,0,0,0,0,0,0,0,0,0,0,0,0,0,0,0,0,0,0,0,0,0,0,0,0,0,0,0,0,0,0,0,0,0,0,0,0,0,0,0,0,0,0,0,0,0,0,0,0,0,0,0,0,0
1,0,0,0,0,0,0,0,0,0,0,0,0,0,0,0,0,0,0,0,0,0,0,0,0,0,0,0,0,0,0,0,0,0,0,0,0,0,0,0,0,0,0,0,0,0,0,0,0,0,0,0,0,0,0,0,0,0,0,0,0,0,0,0,0,0,0,0,0,0,0,0,0,0,0,0,0,0,0,0,0,0,0,0,0,0,0,0,0,0,0,0,0,0,0,0,0,0,0,0,0,0,0,0,0,0,0,0,0,0,0,0,0,0,0,0,0,0,0,0,0,0,0,0,0,0,0,0,0,0,0,0,0,0,0,0,0,0,0,0,0,0,0,0,0,0,0,0,68,0,0,0,0,0,0,0,0,0,0,108,254,0,0,0,0,0,0,0,0,0,0,0,0,0,0,0,0,0,0,0,0,0,0,0,0,0,0,207,253,0,0,0,0,0,0,0,0,0,0,0,0,0,0,0,0,0,0,0,0,0,0,0,0,0,5,212,168,0,0,0,0,0,0,0,0,0,0,0,0,0,0,0,0,0,0,0,0,0,0,0,0,0,80,253,69,0,0,0,0,0,0,0,0,0,0,0,0,0,0,0,0,0,0,0,0,0,0,0,0,0,198,247,50,0,0,0,0,0,0,0,0,0,0,0,0,0,0,0,0,0,0,0,0,0,0,0,0,64,251,213,0,0,0,0,0,0,0,0,0,0,0,0,0,0,0,0,0,0,0,0,0,0,0,0,0,221,253,62,0,0,0,0,0,0,0,0,0,0,0,0,0,0,0,0,0,0,0,0,0,0,0,0,68,254,185,13,0,0,0,0,0,0,0,0,0,0,0,0,0,0,0,0,0,0,0,0,0,0,0,15,229,255,23,0,0,0,0,0,0,0,0,0,0,0,0,0,0,0,0,0,0,0,0,0,0,0,0,74,253,140,2,0,0,0,0,0,0,0,0,0,0,0,0,0,0,0,0,0,0,0,0,0,0,0,47,228,244,17,0,0,0,0,0,0,0,0,0,0,0,0,0,0,0,0,0,0,0,0,0,0,0,0,172,253,128,0,0,0,0,0,0,0,0,0,0,0,0,0,0,0,0,0,0,0,0,0,0,0,0,95,254,205,0,0,0,0,0,0,0,0,0,0,0,0,0,0,0,0,0,0,0,0,0,0,0,0,17,212,244,79,0,0,0,0,0,0,0,0,0,0,0,0,0,0,0,0,0,0,0,0,0,0,0,0,134,254,156,0,0,0,0,0,0,0,0,0,0,0,0,0,0,0,0,0,0,0,0,0,0,0,0,51,234,203,6,0,0,0,0,0,0,0,0,0,0,0,0,0,0,0,0,0,0,0,0,0,0,0,0,141,228,68,0,0,0,0,0,0,0,0,0,0,0,0,0,0,0,0,0,0,0,0,0,0,0,0,93,249,143,0,0,0,0,0,0,0,0,0,0,0,0,0,0,0,0,0,0,0,0,0,0,0,0,0,147,225,13,0,0,0,0,0,0,0,0,0,0,0,0,0,0,0,0,0,0,0,0,0,0,0,0,0,230,104,0,0,0,0,0,0,0,0,0,0,0,0,0,0,0,0,0,0,0,0,0,0,0,0,0,0,0,0,0,0,0,0,0,0,0,0,0,0,0,0,0,0,0,0,0,0,0,0,0,0,0,0,0,0,0,0,0,0,0,0,0,0,0,0,0,0,0,0,0,0,0,0,0,0,0,0,0,0,0,0,0,0,0,0,0,0,0,0,0,0,0,0,0,0,0,0,0,0,0,0,0
5,0,0,0,0,0,0,0,0,0,0,0,0,0,0,0,0,0,0,0,0,0,0,0,0,0,0,0,0,0,0,0,0,0,0,0,0,0,0,0,0,0,0,0,0,0,0,0,0,0,0,0,0,0,0,0,0,0,0,0,0,0,0,0,0,0,0,0,0,0,0,0,0,0,0,0,0,0,0,0,0,0,0,0,0,0,0,0,0,0,0,0,0,0,0,0,0,0,0,0,0,0,0,0,0,0,0,0,0,0,0,0,0,0,0,0,0,0,0,0,0,0,0,0,0,0,0,0,0,0,0,0,0,0,0,0,0,0,0,0,0,0,0,0,0,0,0,0,0,0,0,0,21,51,92,173,253,254,253,173,31,0,0,0,0,0,0,0,0,0,0,0,0,0,0,0,0,0,0,82,223,253,252,253,252,253,252,253,232,41,0,0,0,0,0,0,0,0,0,0,0,0,0,0,0,0,0,82,243,254,253,254,253,254,253,254,253,234,30,0,0,0,0,0,0,0,0,0,0,0,0,0,0,0,0,0,203,253,252,172,252,253,252,253,252,172,10,0,0,0,0,0,0,0,0,0,0,0,0,0,0,0,0,21,223,254,172,0,123,203,223,254,253,234,30,0,0,0,0,0,0,0,0,0,0,0,0,0,0,0,0,0,162,253,252,142,20,0,20,71,232,233,30,0,0,0,0,0,0,0,0,0,0,0,0,0,0,0,0,0,41,173,253,254,213,82,0,0,0,0,0,0,0,0,0,0,0,0,0,0,0,0,0,0,0,0,0,0,0,10,91,253,252,243,162,0,0,0,0,0,0,0,0,0,0,0,0,0,0,0,0,0,0,0,0,0,0,0,0,0,123,254,253,163,0,0,0,0,0,0,0,0,0,0,0,0,0,0,0,0,0,0,0,0,0,0,0,0,0,172,252,203,0,0,0,0,0,0,0,0,0,0,0,0,0,0,0,0,0,0,0,0,0,0,0,0,0,152,253,224,20,0,0,0,0,0,0,0,0,0,0,0,0,0,0,0,0,0,0,0,0,0,0,0,0,152,252,203,0,0,0,0,0,0,0,0,0,0,0,0,0,0,0,0,0,0,0,0,0,0,0,0,0,152,253,203,0,0,0,0,0,0,0,0,0,0,0,0,0,0,0,0,0,0,0,0,41,82,0,0,0,152,252,122,0,0,0,0,0,0,0,0,0,0,0,0,0,0,0,0,0,0,41,214,253,123,0,0,0,173,253,102,0,0,0,0,0,0,0,0,0,0,0,0,0,0,0,0,0,123,243,233,111,0,0,0,82,253,252,20,0,0,0,0,0,0,0,0,0,0,0,0,0,0,0,0,62,255,253,82,0,0,0,11,213,254,131,0,0,0,0,0,0,0,0,0,0,0,0,0,0,0,0,82,223,253,90,0,0,0,0,213,252,172,10,0,0,0,0,0,0,0,0,0,0,0,0,0,0,0,0,132,253,255,172,153,152,254,253,254,213,41,0,0,0,0,0,0,0,0,0,0,0,0,0,0,0,0,0,10,91,151,232,253,252,253,171,131,10,0,0,0,0,0,0,0,0,0,0,0,0,0,0,0,0,0,0,0,0,0,0,0,0,0,0,0,0,0,0,0,0,0,0,0,0,0,0,0,0,0,0,0,0,0,0,0,0,0,0,0,0,0,0,0,0,0,0,0,0,0,0,0,0,0,0,0,0,0,0,0,0,0,0,0,0,0,0,0,0,0,0,0,0,0,0,0,0,0,0,0,0,0,0,0,0
2,0,0,0,0,0,0,0,0,0,0,0,0,0,0,0,0,0,0,0,0,0,0,0,0,0,0,0,0,0,0,0,0,0,0,0,0,0,0,0,0,0,0,0,0,0,0,0,0,0,0,0,0,0,0,0,0,0,0,0,0,0,0,0,0,0,0,0,0,0,0,0,0,0,0,0,0,0,0,0,0,0,0,0,0,0,0,0,0,0,0,0,0,0,0,0,0,0,0,0,0,0,0,0,23,126,123,255,8,0,0,0,0,0,0,0,0,0,0,0,0,0,0,0,0,0,0,0,18,163,3,97,242,213,93,248,7,0,0,0,0,0,0,0,0,0,0,0,0,0,0,0,0,0,0,1,140,247,197,227,122,51,7,166,0,0,0,0,0,0,0,0,0,0,0,0,0,0,0,0,0,0,0,19,254,254,239,168,10,0,104,180,0,0,0,0,0,0,0,0,0,0,0,0,0,0,0,0,0,0,54,196,254,242,45,0,0,28,226,87,0,0,0,0,0,0,0,0,0,0,0,0,0,0,0,0,0,55,237,254,229,85,0,0,0,74,220,21,0,0,0,0,0,0,0,0,0,0,0,0,0,0,0,0,15,231,254,231,44,0,0,0,28,229,117,0,0,0,0,0,0,0,0,0,0,0,0,0,0,0,0,0,135,254,254,16,0,0,0,0,145,202,10,0,0,0,0,0,0,0,0,0,0,0,0,0,0,0,0,0,230,254,103,0,0,0,0,90,251,96,0,0,0,0,0,0,0,0,0,0,0,0,0,0,0,0,0,0,103,45,1,0,0,0,48,234,195,12,0,0,0,0,0,0,0,0,0,0,0,0,0,0,0,0,0,0,0,0,0,0,0,17,210,240,80,0,0,0,0,0,0,0,0,0,0,0,0,0,0,0,0,0,0,0,0,16,17,100,67,120,230,62,0,0,0,0,0,0,0,0,0,0,0,0,0,0,0,0,0,4,68,107,181,250,254,254,254,251,120,0,0,0,0,0,0,0,0,0,0,0,0,0,0,0,0,4,71,190,254,254,245,230,232,254,254,240,26,0,0,0,0,0,0,0,0,0,0,0,0,0,0,0,35,189,254,254,219,194,71,15,58,240,229,250,48,0,0,0,0,0,0,0,0,0,0,0,0,0,0,0,180,254,247,99,7,0,13,100,250,201,73,250,48,0,0,0,0,0,0,0,0,0,0,0,0,0,0,5,221,254,175,71,139,166,222,254,235,38,118,254,57,0,0,0,0,0,0,0,0,0,0,0,0,0,0,9,254,254,254,254,254,254,254,213,75,0,180,239,24,0,0,0,0,0,0,0,0,0,0,0,0,0,0,1,161,254,254,254,254,170,98,12,0,8,249,205,0,0,0,0,0,0,0,0,0,0,0,0,0,0,0,0,3,16,37,24,8,1,0,0,0,3,180,227,0,0,0,0,0,0,0,0,0,0,0,0,0,0,0,0,0,0,0,0,0,0,0,0,0,0,0,0,0,0,0,0,0,0,0,0,0,0,0,0,0,0,0,0,0,0,0,0,0,0,0,0,0,0,0,0,0,0,0,0,0,0,0,0,0,0,0,0,0,0,0,0,0,0,0,0,0,0,0,0,0,0,0,0,0,0,0,0,0,0,0,0,0,0,0,0,0,0,0,0,0,0,0,0,0,0,0,0,0,0,0,0,0,0,0,0,0,0,0,0,0,0,0,0,0,0,0,0,0,0,0,0,0,0,0,0,0,0,0,0,0,0,0,0,0,0,0,0,0,0,0
2,0,0,0,0,0,0,0,0,0,0,0,0,0,0,0,0,0,0,0,0,0,0,0,0,0,0,0,0,0,0,0,0,0,0,0,0,0,0,0,0,0,0,0,0,0,0,0,0,0,0,0,0,0,0,0,0,0,0,0,0,0,0,0,0,0,0,0,0,0,0,0,0,0,0,0,0,0,0,0,0,0,0,0,0,0,0,0,0,0,0,67,244,203,188,188,188,211,254,163,67,0,0,0,0,0,0,0,0,0,0,0,0,0,0,0,0,0,0,102,202,27,0,0,0,10,49,136,254,202,29,0,0,0,0,0,0,0,0,0,0,0,0,0,0,0,0,0,0,0,0,0,0,0,0,7,56,175,224,48,0,0,0,0,0,0,0,0,0,0,0,0,0,0,0,0,0,0,0,0,0,0,0,0,0,0,198,216,25,0,0,0,0,0,0,0,0,0,0,0,0,0,0,0,0,0,0,0,0,0,0,0,0,0,24,205,150,4,0,0,0,0,0,0,0,0,0,0,0,0,0,0,0,0,0,0,0,0,0,0,0,0,0,26,247,96,0,0,0,0,0,0,0,0,0,0,0,0,0,0,0,0,0,0,0,0,0,0,0,0,0,0,169,113,0,0,0,0,0,0,0,0,0,0,0,0,0,0,0,0,0,0,0,0,0,0,0,0,0,0,169,113,0,0,0,0,0,0,0,0,0,0,0,0,0,0,0,0,0,0,0,0,0,0,0,0,0,0,169,113,0,0,0,0,0,0,0,0,0,0,0,0,0,0,0,0,0,0,0,0,0,0,0,0,0,0,169,113,0,0,0,0,0,0,0,0,0,0,0,0,0,0,0,0,0,0,0,0,0,0,0,0,0,10,254,113,0,0,0,0,0,0,0,0,0,0,0,0,0,0,0,0,0,0,0,0,0,0,0,0,0,142,242,61,0,0,0,0,0,0,0,0,0,0,0,0,0,0,0,0,0,0,0,0,0,0,0,0,19,221,139,0,0,0,0,0,0,0,0,0,0,0,0,0,0,0,0,0,0,0,0,0,0,0,0,0,195,219,28,0,0,0,0,0,0,0,0,0,0,0,0,0,0,108,225,236,236,183,141,141,86,48,13,72,234,53,0,0,0,0,0,0,0,0,0,0,0,0,0,0,0,254,152,67,47,99,140,172,235,244,219,254,183,19,14,0,0,0,0,0,0,0,0,0,0,0,0,0,0,255,28,0,0,0,0,0,0,154,254,169,181,254,231,179,144,113,85,86,86,0,0,0,0,0,0,0,0,233,105,0,0,0,0,72,172,252,141,0,2,9,9,97,103,103,194,197,128,0,0,0,0,0,0,0,0,108,245,139,29,81,164,233,169,86,10,0,0,0,0,0,0,0,0,0,0,0,0,0,0,0,0,0,0,0,73,198,254,201,118,44,0,0,0,0,0,0,0,0,0,0,0,0,0,0,0,0,0,0,0,0,0,0,0,0,0,0,0,0,0,0,0,0,0,0,0,0,0,0,0,0,0,0,0,0,0,0,0,0,0,0,0,0,0,0,0,0,0,0,0,0,0,0,0,0,0,0,0,0,0,0,0,0,0,0,0,0,0,0,0,0,0,0,0,0,0,0,0,0,0,0,0,0,0,0,0,0,0,0,0,0,0,0,0,0,0,0,0,0,0,0,0,0,0,0,0,0,0,0,0,0,0,0,0,0,0,0,0,0,0,0,0,0,0,0,0,0,0,0,0,0,0,0,0,0,0,0,0,0,0,0,0,0,0,0,0
3,0,0,0,0,0,0,0,0,0,0,0,0,0,0,0,0,0,0,0,0,0,0,0,0,0,0,0,0,0,0,0,0,0,0,0,0,0,0,0,0,0,0,0,0,0,0,0,0,0,0,0,0,0,0,0,0,0,0,0,0,0,0,0,0,0,0,0,0,0,0,0,0,0,0,0,0,0,0,0,0,0,0,0,0,0,0,0,0,0,0,0,0,0,0,0,0,0,0,0,0,0,0,0,0,0,0,0,0,0,0,0,0,0,0,0,0,0,0,0,0,0,0,0,0,0,0,0,0,0,0,0,0,0,0,0,0,0,0,0,0,0,0,0,0,0,0,0,0,0,0,0,0,0,0,0,0,0,81,238,41,0,0,0,0,0,0,0,0,0,0,0,0,0,0,0,0,0,0,0,0,0,0,0,7,86,237,253,81,89,10,0,0,0,0,0,0,0,0,0,0,0,0,0,0,0,0,0,0,0,0,73,190,253,253,253,253,253,24,0,0,0,0,0,0,0,0,0,0,0,0,0,0,0,0,0,0,10,113,235,253,253,253,226,147,253,24,0,0,0,0,0,0,0,0,0,0,0,0,0,0,0,0,0,72,187,253,254,200,214,130,25,103,128,5,0,0,0,0,0,0,0,0,0,0,0,0,0,0,0,0,89,228,253,253,254,213,58,0,38,233,32,0,0,0,0,0,0,0,0,0,0,0,0,0,0,0,0,89,249,253,253,197,59,10,0,93,236,146,5,0,0,0,0,0,0,0,0,0,0,0,0,0,0,0,0,110,253,193,56,1,0,0,57,219,192,17,0,0,0,0,0,0,0,0,0,0,0,0,0,0,0,0,0,4,16,7,0,0,3,127,207,243,64,0,0,0,0,0,0,0,0,0,0,0,0,0,0,0,0,0,0,0,0,0,101,163,247,253,253,252,208,27,0,0,0,0,0,0,0,0,0,0,0,0,0,0,0,0,0,0,0,3,239,254,255,250,184,74,221,153,2,0,0,0,0,0,0,0,0,0,0,0,0,0,0,0,0,0,0,19,242,253,179,45,0,0,173,253,32,0,0,0,0,0,0,0,0,0,0,0,0,0,0,0,0,0,0,0,137,94,0,0,0,0,62,232,19,0,0,0,0,0,0,0,0,0,0,0,0,0,0,0,0,0,0,0,0,0,0,0,0,0,68,204,0,0,0,0,0,0,0,0,0,0,0,0,0,0,4,23,0,0,0,0,0,0,0,0,0,0,55,190,0,0,0,0,0,0,0,0,0,0,0,0,0,0,68,235,57,0,0,0,0,0,0,0,0,0,70,123,0,0,0,0,0,0,0,0,0,0,0,0,0,0,107,253,148,0,0,0,0,0,0,4,15,37,221,51,0,0,0,0,0,0,0,0,0,0,0,0,0,0,26,238,236,106,9,0,0,0,66,153,70,189,121,4,0,0,0,0,0,0,0,0,0,0,0,0,0,0,0,146,253,253,194,155,106,153,254,252,166,13,3,0,0,0,0,0,0,0,0,0,0,0,0,0,0,0,0,52,211,253,253,253,253,253,169,90,55,0,0,0,0,0,0,0,0,0,0,0,0,0,0,0,0,0,0,0,0,0,0,0,0,0,0,0,0,0,0,0,0,0,0,0,0,0,0,0,0,0,0,0,0,0,0,0,0,0,0,0,0,0,0,0,0,0,0,0,0,0,0,0,0,0,0,0,0,0,0,0,0,0,0,0,0,0,0,0,0,0,0,0,0,0,0,0,0,0,0,0,0,0,0,0
9,0,0,0,0,0,0,0,0,0,0,0,0,0,0,0,0,0,0,0,0,0,0,0,0,0,0,0,0,0,0,0,0,0,0,0,0,0,0,0,0,0,0,0,0,0,0,0,0,0,0,0,0,0,0,0,0,0,0,0,0,0,0,0,0,0,0,0,0,0,0,0,0,0,0,0,0,0,0,0,0,0,0,0,0,0,0,0,0,0,0,0,0,0,0,0,0,0,0,0,0,0,0,0,0,0,0,0,0,0,0,0,0,0,0,0,0,0,0,0,0,0,0,0,0,0,0,0,0,0,0,0,0,0,0,0,0,0,0,0,0,0,0,0,0,0,0,0,0,0,0,0,0,0,0,0,0,0,0,0,0,0,0,0,0,0,0,0,0,0,0,0,0,0,0,0,0,0,0,0,0,0,0,0,0,0,0,0,0,0,0,0,0,0,0,0,0,0,0,0,0,0,0,0,0,0,0,0,0,0,0,41,152,233,254,253,193,30,0,0,0,0,0,0,0,0,0,0,0,0,0,0,0,0,0,0,0,0,102,223,253,252,253,252,253,172,41,0,0,0,0,0,0,0,0,0,0,0,0,0,0,0,0,0,11,173,254,253,244,162,82,0,72,253,234,92,0,0,0,0,0,0,0,0,0,0,0,0,0,0,0,0,213,252,253,171,81,0,0,41,233,252,253,232,0,0,0,0,0,0,0,0,0,0,0,0,0,0,52,193,254,253,123,0,0,0,51,193,254,253,255,131,0,0,0,0,0,0,0,0,0,0,0,0,0,0,152,252,213,50,0,0,0,41,233,252,253,212,91,10,0,0,0,0,0,0,0,0,0,0,0,0,0,0,152,253,234,152,51,10,0,123,254,253,254,50,0,0,0,0,0,0,0,0,0,0,0,0,0,0,0,0,152,252,253,252,253,212,163,243,253,252,172,10,0,0,0,0,0,0,0,0,0,0,0,0,0,0,0,0,0,123,203,203,254,253,254,253,244,162,0,0,0,0,0,0,0,0,0,0,0,0,0,0,0,0,0,0,0,0,0,0,131,252,253,252,162,0,0,0,0,0,0,0,0,0,0,0,0,0,0,0,0,0,0,0,0,0,11,92,254,253,254,253,203,0,0,0,0,0,0,0,0,0,0,0,0,0,0,0,0,0,0,0,0,0,92,252,253,252,131,50,162,40,0,0,0,0,0,0,0,0,0,0,0,0,0,0,0,0,0,0,0,123,254,253,203,102,0,0,0,0,0,0,0,0,0,0,0,0,0,0,0,0,0,0,0,0,0,0,82,243,253,212,20,0,0,0,0,0,0,0,0,0,0,0,0,0,0,0,0,0,0,0,0,0,0,0,254,253,203,20,0,0,0,0,0,0,0,0,0,0,0,0,0,0,0,0,0,0,0,0,0,0,0,123,253,212,61,0,0,0,0,0,0,0,0,0,0,0,0,0,0,0,0,0,0,0,0,0,0,0,52,253,244,40,0,0,0,0,0,0,0,0,0,0,0,0,0,0,0,0,0,0,0,0,0,0,0,0,92,252,81,0,0,0,0,0,0,0,0,0,0,0,0,0,0,0,0,0,0,0,0,0,0,0,0,0,214,172,0,0,0,0,0,0,0,0,0,0,0,0,0,0,0,0,0,0,0,0,0,0,0,0,0,0,172,10,0,0,0,0,0,0,0,0,0,0,0,0,0,0,0,0,0,0,0,0,0,0,0,0,0,0,0,0,0,0,0,0,0,0,0,0,0,0,0,0,0,0,0,0,0,0,0
4,0,0,0,0,0,0,0,0,0,0,0,0,0,0,0,0,0,0,0,0,0,0,0,0,0,0,0,0,0,0,0,0,0,0,0,0,0,0,0,0,0,0,0,0,0,0,0,0,0,0,0,0,0,0,0,0,0,0,0,0,0,0,0,0,0,0,0,0,0,0,0,0,0,0,0,0,0,0,0,0,0,0,0,0,0,0,0,0,0,0,0,0,0,0,0,0,0,0,0,0,0,0,0,0,0,0,0,0,0,0,0,0,0,0,0,0,0,0,0,0,0,0,0,0,0,0,0,0,0,0,0,0,0,0,0,0,0,0,0,0,0,0,0,0,0,0,0,0,0,0,0,0,0,0,0,0,0,0,0,0,0,46,214,0,0,0,0,0,0,0,0,0,0,0,0,0,0,0,0,0,0,0,0,0,0,0,0,0,15,219,55,0,0,0,0,0,0,0,0,0,0,0,0,0,0,0,0,0,0,41,10,0,0,0,0,0,102,187,0,0,0,0,0,0,0,0,0,0,0,0,0,0,0,0,0,0,35,239,169,0,0,0,0,16,231,65,0,0,0,0,0,0,0,0,0,0,0,0,0,0,0,0,0,0,109,254,207,0,0,0,0,78,212,5,0,0,0,0,0,0,0,0,0,0,0,0,0,0,0,0,0,15,169,224,58,0,0,0,18,224,67,0,0,0,0,0,0,0,0,0,0,0,0,0,0,0,0,0,0,128,254,154,0,0,0,8,168,212,6,0,0,0,0,0,0,0,0,0,0,0,0,0,0,0,0,0,58,252,224,24,0,0,0,53,254,125,0,0,0,0,0,0,0,0,0,0,0,0,0,0,0,0,0,0,111,243,131,0,0,0,21,191,249,46,0,0,0,0,0,0,0,0,0,0,0,0,0,0,0,0,0,60,239,194,0,0,0,8,134,254,209,0,0,0,0,0,0,0,0,0,0,0,0,0,0,0,0,0,0,126,254,224,126,126,141,219,254,224,41,0,0,0,0,0,0,0,0,0,0,0,0,0,0,0,0,0,0,242,254,254,254,255,254,254,224,41,0,0,0,0,0,0,0,0,0,0,0,0,0,0,0,0,0,0,0,163,254,254,237,224,171,254,60,0,0,0,0,0,0,0,0,0,0,0,0,0,0,0,0,0,0,0,0,16,56,56,25,6,186,173,10,0,0,0,0,0,0,0,0,0,0,0,0,0,0,0,0,0,0,0,0,0,0,0,5,128,234,22,0,0,0,0,0,0,0,0,0,0,0,0,0,0,0,0,0,0,0,0,0,0,0,0,63,251,134,0,0,0,0,0,0,0,0,0,0,0,0,0,0,0,0,0,0,0,0,0,0,0,0,4,178,198,0,0,0,0,0,0,0,0,0,0,0,0,0,0,0,0,0,0,0,0,0,0,0,0,0,64,233,44,0,0,0,0,0,0,0,0,0,0,0,0,0,0,0,0,0,0,0,0,0,0,0,0,2,186,99,0,0,0,0,0,0,0,0,0,0,0,0,0,0,0,0,0,0,0,0,0,0,0,0,0,66,194,0,0,0,0,0,0,0,0,0,0,0,0,0,0,0,0,0,0,0,0,0,0,0,0,0,0,0,0,0,0,0,0,0,0,0,0,0,0,0,0,0,0,0,0,0,0,0,0,0,0,0,0,0,0,0,0,0,0,0,0,0,0,0,0,0,0,0,0,0,0,0,0,0,0,0,0,0,0,0,0,0,0,0,0,0,0,0,0,0,0,0,0,0,0,0,0,0,0,0,0
9,0,0,0,0,0,0,0,0,0,0,0,0,0,0,0,0,0,0,0,0,0,0,0,0,0,0,0,0,0,0,0,0,0,0,0,0,0,0,0,0,0,0,0,0,0,0,0,0,0,0,0,0,0,0,0,0,0,0,0,0,0,0,0,0,0,0,0,0,0,0,0,0,0,0,0,0,0,0,0,0,0,0,0,0,0,0,0,0,0,0,0,0,0,0,0,0,0,0,0,0,0,0,0,0,0,0,0,0,0,0,0,0,0,0,0,0,0,0,0,0,0,0,0,0,0,0,0,0,0,0,0,0,0,0,0,0,0,0,0,0,0,0,0,0,0,0,0,0,0,0,0,0,0,0,0,0,0,0,0,0,0,0,0,0,0,0,0,0,0,0,0,0,0,0,0,0,0,0,24,122,147,147,233,246,122,8,0,0,0,0,0,0,0,0,0,0,0,0,0,0,0,0,0,0,0,41,228,254,254,254,222,254,254,81,0,0,0,0,0,0,0,0,0,0,0,0,0,0,0,0,0,0,40,227,253,249,149,71,19,98,254,242,60,0,0,0,0,0,0,0,0,0,0,0,0,0,0,0,0,27,229,254,187,0,0,0,0,9,184,254,244,67,0,0,0,0,0,0,0,0,0,0,0,0,0,0,2,157,254,211,25,0,0,0,0,0,16,219,254,189,0,0,0,0,0,0,0,0,0,0,0,0,0,0,11,254,254,84,0,0,0,0,0,0,0,160,254,248,90,0,0,0,0,0,0,0,0,0,0,0,0,0,115,254,204,10,0,0,0,0,0,0,0,121,253,254,195,2,0,0,0,0,0,0,0,0,0,0,0,0,78,254,236,21,0,0,0,0,0,0,0,0,198,254,231,4,0,0,0,0,0,0,0,0,0,0,0,0,6,248,254,180,14,0,0,0,6,73,126,213,254,254,254,5,0,0,0,0,0,0,0,0,0,0,0,0,0,74,241,254,237,163,163,140,173,254,242,200,252,254,188,2,0,0,0,0,0,0,0,0,0,0,0,0,0,0,122,245,254,254,254,254,254,207,78,0,245,231,50,0,0,0,0,0,0,0,0,0,0,0,0,0,0,0,0,14,83,125,125,125,39,8,0,148,254,189,0,0,0,0,0,0,0,0,0,0,0,0,0,0,0,0,0,0,0,0,0,0,0,0,15,218,254,118,0,0,0,0,0,0,0,0,0,0,0,0,0,0,0,0,0,0,0,0,0,0,0,0,102,254,232,16,0,0,0,0,0,0,0,0,0,0,0,0,0,0,0,0,0,0,0,0,0,0,0,12,214,254,123,0,0,0,0,0,0,0,0,0,0,0,0,0,0,0,0,0,0,0,0,0,0,0,0,22,255,254,45,0,0,0,0,0,0,0,0,0,0,0,0,0,0,0,0,0,0,0,0,0,0,0,0,67,254,254,10,0,0,0,0,0,0,0,0,0,0,0,0,0,0,0,0,0,0,0,0,0,0,0,52,246,254,139,5,0,0,0,0,0,0,0,0,0,0,0,0,0,0,0,0,0,0,0,0,0,0,0,93,254,254,48,0,0,0,0,0,0,0,0,0,0,0,0,0,0,0,0,0,0,0,0,0,0,0,0,14,195,157,7,0,0,0,0,0,0,0,0,0,0,0,0,0,0,0,0,0,0,0,0,0,0,0,0,0,0,0,0,0,0,0,0,0,0,0,0,0,0,0,0,0,0,0,0,0,0,0,0,0,0,0,0,0,0,0,0,0,0,0,0,0,0,0,0,0,0
5,0,0,0,0,0,0,0,0,0,0,0,0,0,0,0,0,0,0,0,0,0,0,0,0,0,0,0,0,0,0,0,0,0,0,0,0,0,0,0,0,0,0,0,0,0,0,0,0,0,0,0,0,0,0,0,0,0,0,0,0,0,0,0,0,0,0,0,0,0,0,0,0,0,0,0,0,0,0,0,0,0,0,0,0,0,0,0,0,0,0,0,0,0,0,0,0,0,0,0,0,0,0,0,0,0,0,0,0,0,0,0,0,0,0,0,0,0,0,0,0,0,0,0,0,0,0,0,0,0,0,0,0,0,0,0,0,0,0,0,0,0,0,0,0,0,0,0,0,0,0,0,0,0,0,0,0,0,0,0,10,32,42,62,156,106,0,0,0,0,0,0,0,0,0,0,0,0,0,0,0,0,0,0,0,0,9,68,166,254,253,253,253,173,0,0,0,0,0,0,0,0,0,0,0,0,0,0,0,0,0,0,74,172,228,253,253,254,253,221,150,22,0,0,0,0,0,0,0,0,0,0,0,0,0,0,0,0,0,100,254,253,253,253,178,174,115,23,0,0,0,0,0,0,0,0,0,0,0,0,0,0,0,0,0,0,54,219,239,90,0,0,0,0,0,0,0,0,0,0,0,0,0,0,0,0,0,0,0,0,0,0,24,112,208,123,20,0,0,0,0,0,0,0,0,0,0,0,0,0,0,0,0,0,0,0,0,0,0,23,197,253,71,0,0,36,9,0,0,0,0,0,0,0,0,0,0,0,0,0,0,0,0,0,0,0,40,234,253,213,127,138,128,210,173,38,0,0,0,0,0,0,0,0,0,0,0,0,0,0,0,0,0,20,188,254,253,253,253,228,189,164,253,205,5,0,0,0,0,0,0,0,0,0,0,0,0,0,0,0,15,207,254,255,247,158,60,50,0,20,231,214,6,0,0,0,0,0,0,0,0,0,0,0,0,0,0,0,0,187,243,162,36,0,0,0,0,0,128,253,85,0,0,0,0,0,0,0,0,0,0,0,0,0,0,0,0,27,33,0,0,0,0,0,0,0,88,253,110,0,0,0,0,0,0,0,0,0,0,0,0,0,0,0,0,0,0,0,0,0,0,0,0,28,198,217,17,0,0,0,0,0,0,0,0,0,0,0,0,0,5,70,0,0,0,0,0,0,0,0,110,225,253,111,5,0,0,0,0,0,0,0,0,0,0,0,0,0,150,219,134,51,16,21,96,96,71,121,255,244,108,0,0,0,0,0,0,0,0,0,0,0,0,0,0,0,199,253,253,253,253,254,253,253,253,243,242,128,12,0,0,0,0,0,0,0,0,0,0,0,0,0,0,0,93,241,253,253,253,254,253,253,253,144,30,0,0,0,0,0,0,0,0,0,0,0,0,0,0,0,0,0,0,59,111,155,189,190,179,86,41,2,0,0,0,0,0,0,0,0,0,0,0,0,0,0,0,0,0,0,0,0,0,0,0,0,0,0,0,0,0,0,0,0,0,0,0,0,0,0,0,0,0,0,0,0,0,0,0,0,0,0,0,0,0,0,0,0,0,0,0,0,0,0,0,0,0,0,0,0,0,0,0,0,0,0,0,0,0,0,0,0,0,0,0,0,0,0,0,0,0,0,0,0,0,0,0,0,0,0,0,0,0,0,0,0,0,0,0,0,0,0,0,0,0,0,0,0,0,0,0,0,0,0,0,0,0,0,0,0,0,0,0,0,0,0,0,0,0,0,0,0,0,0,0,0,0,0,0,0,0,0,0,0,0
0,0,0,0,0,0,0,0,0,0,0,0,0,0,0,0,0,0,0,0,0,0,0,0,0,0,0,0,0,0,0,0,0,0,0,0,0,0,0,0,0,0,0,0,0,0,0,0,0,0,0,0,0,0,0,0,0,0,0,0,0,0,0,0,0,0,0,0,0,0,0,0,0,0,0,0,0,0,0,0,0,0,0,0,0,0,0,0,0,0,0,0,0,0,0,0,0,0,0,0,0,0,0,0,0,0,0,0,0,0,0,0,0,0,0,0,0,0,0,0,0,0,0,0,0,0,0,0,0,0,0,0,0,0,0,0,0,0,0,0,0,0,0,0,0,0,0,0,0,0,0,0,0,0,63,106,140,254,254,254,148,50,0,0,0,0,0,0,0,0,0,0,0,0,0,0,0,0,8,60,202,209,235,254,253,253,253,253,253,230,47,0,0,0,0,0,0,0,0,0,0,0,0,0,0,58,175,253,253,253,253,254,253,253,253,253,253,253,222,39,0,0,0,0,0,0,0,0,0,0,0,0,57,238,253,253,253,253,253,205,133,133,133,240,253,253,253,129,0,0,0,0,0,0,0,0,0,0,0,146,238,253,253,253,226,178,90,17,0,0,0,26,47,218,253,221,31,0,0,0,0,0,0,0,0,0,8,175,253,253,249,223,56,0,0,0,0,0,0,0,0,134,253,253,104,0,0,0,0,0,0,0,0,56,163,253,253,253,223,0,0,0,0,0,0,0,0,0,0,134,253,253,183,0,0,0,0,0,0,0,0,247,253,253,253,182,12,0,0,0,0,0,0,0,0,0,0,134,253,253,253,0,0,0,0,0,0,0,0,228,253,253,253,178,0,0,0,0,0,0,0,0,0,0,0,134,253,253,226,0,0,0,0,0,0,0,0,105,253,253,253,222,62,71,0,0,0,0,0,0,0,0,0,134,253,253,104,0,0,0,0,0,0,0,0,106,254,254,254,29,89,0,0,0,0,0,0,0,0,0,0,135,255,254,105,0,0,0,0,0,0,0,0,81,243,253,253,29,0,0,0,0,0,0,0,0,0,0,0,134,253,253,104,0,0,0,0,0,0,0,0,63,235,253,253,29,0,0,0,0,0,0,0,0,0,0,2,142,253,250,98,0,0,0,0,0,0,0,0,0,209,253,253,29,0,0,0,0,0,0,0,0,0,0,102,253,253,137,0,0,0,0,0,0,0,0,0,0,165,253,253,73,0,0,0,0,0,0,0,0,0,67,245,253,253,59,0,0,0,0,0,0,0,0,0,0,53,243,253,231,70,0,0,0,0,0,0,2,102,201,253,253,225,52,0,0,0,0,0,0,0,0,0,0,0,164,253,253,239,134,134,32,0,135,134,142,253,253,253,181,7,0,0,0,0,0,0,0,0,0,0,0,0,18,163,243,253,253,253,243,239,255,253,253,253,226,145,7,0,0,0,0,0,0,0,0,0,0,0,0,0,0,0,185,213,253,253,253,253,254,253,224,137,42,0,0,0,0,0,0,0,0,0,0,0,0,0,0,0,0,0,0,13,104,245,253,164,105,104,37,0,0,0,0,0,0,0,0,0,0,0,0,0,0,0,0,0,0,0,0,0,0,0,0,0,0,0,0,0,0,0,0,0,0,0,0,0,0,0,0,0,0,0,0,0,0,0,0,0,0,0,0,0,0,0,0,0,0,0,0,0,0,0,0,0,0,0,0,0,0,0,0,0,0,0,0,0,0,0,0,0,0,0,0,0,0,0,0,0,0,0,0,0,0,0
6,0,0,0,0,0,0,0,0,0,0,0,0,0,0,0,0,0,0,0,0,0,0,0,0,0,0,0,0,0,0,0,0,0,0,0,0,0,0,0,0,0,0,0,0,0,0,0,189,218,13,0,0,0,0,0,0,0,0,0,0,0,0,0,0,0,0,0,0,0,0,0,0,0,0,85,254,185,13,0,0,0,0,0,0,0,0,0,0,0,0,0,0,0,0,0,0,0,0,0,0,0,42,230,254,108,0,0,0,0,0,0,0,0,0,0,0,0,0,0,0,0,0,0,0,0,0,0,0,0,167,253,222,10,0,0,0,0,0,0,0,0,0,0,0,0,0,0,0,0,0,0,0,0,0,0,0,124,238,253,117,0,0,0,0,0,0,0,0,0,0,0,0,0,0,0,0,0,0,0,0,0,0,0,16,228,254,202,0,0,0,0,0,0,0,0,0,0,0,0,0,0,0,0,0,0,0,0,0,0,0,0,191,253,246,79,0,0,0,0,0,0,0,0,0,0,0,0,0,0,0,0,0,0,0,0,0,0,0,153,250,247,107,11,0,0,0,0,0,0,0,0,0,0,0,0,0,0,0,0,0,0,0,0,0,0,79,221,253,113,0,0,0,0,0,0,0,0,0,0,0,0,0,0,0,0,0,0,0,0,0,0,0,7,207,254,214,36,0,0,0,0,0,0,0,0,0,0,0,0,0,0,0,0,0,0,0,0,0,0,50,234,254,234,13,0,0,0,0,0,0,0,0,0,0,0,0,0,0,0,0,0,0,0,0,0,0,20,191,253,253,97,0,0,0,0,0,0,0,0,0,0,0,0,0,0,0,0,0,0,0,0,0,0,11,140,248,253,188,108,146,217,217,217,218,93,0,0,0,0,0,0,0,0,0,0,0,0,0,0,0,0,125,247,253,253,253,254,253,253,253,253,254,222,35,0,0,0,0,0,0,0,0,0,0,0,0,0,0,33,254,253,253,253,253,254,253,253,253,253,254,253,94,0,0,0,0,0,0,0,0,0,0,0,0,0,6,137,255,254,254,254,202,98,0,0,0,149,255,254,69,0,0,0,0,0,0,0,0,0,0,0,0,0,90,253,254,253,232,69,5,0,0,0,153,248,254,189,16,0,0,0,0,0,0,0,0,0,0,0,0,45,245,253,254,180,49,34,27,95,211,217,245,253,191,34,0,0,0,0,0,0,0,0,0,0,0,0,0,95,253,253,254,183,213,249,238,254,253,244,228,144,0,0,0,0,0,0,0,0,0,0,0,0,0,0,0,128,253,253,254,253,253,253,253,254,201,49,0,0,0,0,0,0,0,0,0,0,0,0,0,0,0,0,0,0,0,0,0,0,0,0,0,0,0,0,0,0,0,0,0,0,0,0,0,0,0,0,0,0,0,0,0,0,0,0,0,0,0,0,0,0,0,0,0,0,0,0,0,0,0,0,0,0,0,0,0,0,0,0,0,0,0,0,0,0,0,0,0,0,0,0,0,0,0,0,0,0,0,0,0,0,0,0,0,0,0,0,0,0,0,0,0,0,0,0,0,0,0,0,0,0,0,0,0,0,0,0,0,0,0,0,0,0,0,0,0,0,0,0,0,0,0,0,0,0,0,0,0,0,0,0,0,0,0,0,0,0,0,0,0,0,0,0,0,0,0,0,0,0,0,0,0,0,0,0,0,0,0,0,0,0,0,0,0,0,0,0,0,0,0,0,0,0,0,0,0,0,0,0,0,0,0,0,0,0,0,0,0,0,0,0,0,0,0
7,0,0,0,0,0,0,0,0,0,0,0,0,0,0,0,0,0,0,0,0,0,0,0,0,0,0,0,0,0,0,0,0,0,0,0,0,0,0,0,0,0,0,0,0,0,0,0,0,0,0,0,0,0,0,0,0,0,0,0,0,0,0,0,0,0,0,0,0,0,0,0,0,0,0,0,0,0,0,0,0,0,0,0,0,0,0,0,0,0,0,0,0,0,0,0,0,0,0,0,0,0,0,0,0,0,0,0,0,0,0,0,0,0,0,0,0,0,0,0,0,0,0,0,0,0,0,0,0,0,0,0,0,0,0,0,0,0,0,0,0,0,0,0,0,0,0,0,0,0,0,0,0,0,0,0,0,0,0,0,0,0,0,0,0,0,0,0,0,0,0,0,0,0,0,0,0,0,0,0,0,0,0,0,0,0,0,0,0,0,0,0,0,0,0,0,0,0,0,0,0,0,0,195,253,215,148,234,225,253,255,224,143,143,143,143,12,0,0,0,0,0,0,0,0,0,0,0,0,0,0,242,252,252,252,252,252,252,253,252,252,252,252,252,99,0,0,0,0,0,0,0,0,0,0,0,0,0,0,52,153,153,153,153,153,153,154,153,153,248,252,252,40,0,0,0,0,0,0,0,0,0,0,0,0,0,0,0,0,0,0,0,0,0,0,0,62,248,247,106,1,0,0,0,0,0,0,0,0,0,0,0,0,0,0,0,0,0,0,0,0,0,0,0,209,252,197,0,0,0,0,0,0,0,0,0,0,0,0,0,0,0,0,0,0,0,0,0,0,0,0,0,209,252,159,0,0,0,0,0,0,0,0,0,0,0,0,0,0,0,0,0,0,0,0,0,0,0,0,61,249,252,88,0,0,0,0,0,0,0,0,0,0,0,0,0,0,0,0,0,0,0,0,0,0,0,0,86,252,248,72,0,0,0,0,0,0,0,0,0,0,0,0,0,0,0,0,0,0,0,0,0,0,0,11,199,252,230,0,0,0,0,0,0,0,0,0,0,0,0,0,0,0,0,0,0,0,0,0,0,0,0,34,252,252,134,0,0,0,0,0,0,0,0,0,0,0,0,0,0,0,0,0,0,0,0,0,0,0,0,34,253,253,121,0,0,0,0,0,0,0,0,0,0,0,0,0,0,0,0,0,0,0,0,0,0,0,0,34,252,252,121,0,0,0,0,0,0,0,0,0,0,0,0,0,0,0,0,0,0,0,0,0,0,0,0,34,252,252,121,0,0,0,0,0,0,0,0,0,0,0,0,0,0,0,0,0,0,0,0,0,0,0,0,34,252,252,15,0,0,0,0,0,0,0,0,0,0,0,0,0,0,0,0,0,0,0,0,0,0,0,0,12,202,252,107,0,0,0,0,0,0,0,0,0,0,0,0,0,0,0,0,0,0,0,0,0,0,0,0,0,176,252,230,0,0,0,0,0,0,0,0,0,0,0,0,0,0,0,0,0,0,0,0,0,0,0,0,0,176,252,230,0,0,0,0,0,0,0,0,0,0,0,0,0,0,0,0,0,0,0,0,0,0,0,0,0,157,252,234,16,0,0,0,0,0,0,0,0,0,0,0,0,0,0,0,0,0,0,0,0,0,0,0,0,18,220,252,186,17,0,0,0,0,0,0,0,0,0,0,0,0,0,0,0,0,0,0,0,0,0,0,0,0,70,248,252,55,0,0,0,0,0,0,0,0,0,0,0,0,0,0,0,0,0,0,0,0,0,0,0,0,0,0,0,0,0,0,0,0,0,0,0,0,0
7,0,0,0,0,0,0,0,0,0,0,0,0,0,0,0,0,0,0,0,0,0,0,0,0,0,0,0,0,0,0,0,0,0,0,0,0,0,0,0,0,0,0,0,0,0,0,0,0,0,0,0,0,0,0,0,0,0,0,0,0,0,0,0,0,0,0,0,0,0,0,0,0,0,0,0,0,0,0,0,0,0,0,0,0,0,0,0,0,0,0,0,0,0,0,0,0,0,0,0,0,0,0,0,0,0,0,0,0,0,0,0,0,0,0,0,0,0,0,0,0,0,0,0,0,0,0,0,0,0,0,0,0,0,0,0,0,0,0,0,0,0,0,0,0,0,0,0,0,0,0,0,0,0,0,0,0,0,0,0,0,0,0,0,0,0,0,0,0,0,0,0,0,0,0,0,0,0,0,0,0,0,0,0,0,0,0,0,0,0,0,0,0,0,0,0,0,0,0,0,0,0,0,0,0,0,0,0,0,5,63,172,204,0,0,0,0,0,25,63,140,24,0,0,0,0,0,0,0,0,0,0,0,0,0,10,142,224,254,254,229,0,0,16,62,168,235,254,246,47,0,0,0,0,0,0,0,0,0,0,0,0,88,211,254,254,254,254,110,28,109,142,254,254,254,254,246,83,0,0,0,0,0,0,0,0,0,0,43,211,254,254,254,254,254,254,251,252,254,211,189,59,211,254,141,1,0,0,0,0,0,0,0,0,0,80,245,254,254,254,254,254,254,254,244,230,161,10,20,96,254,239,26,0,0,0,0,0,0,0,0,0,22,233,254,254,254,254,254,254,195,162,59,0,0,0,106,254,218,26,0,0,0,0,0,0,0,0,0,0,212,254,254,254,254,236,126,82,6,0,0,0,0,103,252,232,27,0,0,0,0,0,0,0,0,0,0,0,104,186,235,213,94,29,0,0,0,0,0,0,35,210,254,201,0,0,0,0,0,0,0,0,0,0,0,0,0,0,0,0,0,0,0,0,0,0,0,55,249,254,227,15,0,0,0,0,0,0,0,0,0,0,0,0,0,0,0,0,0,0,0,0,0,0,9,214,254,249,47,2,0,0,0,0,0,0,0,0,0,0,0,0,0,0,0,0,0,0,0,0,0,3,174,254,247,86,0,0,0,0,0,0,0,0,0,0,0,0,0,0,0,0,0,0,0,0,0,0,0,115,254,254,151,0,0,0,0,0,0,0,0,0,0,0,0,0,0,0,0,0,0,0,0,0,0,0,93,247,254,166,9,0,0,0,0,0,0,0,0,0,0,0,0,0,0,0,0,0,0,0,0,0,0,96,239,254,130,17,0,0,0,0,0,0,0,0,0,0,0,0,0,0,0,0,0,0,0,0,0,0,16,224,254,213,67,0,0,0,0,0,0,0,0,0,0,0,0,0,0,0,0,0,0,0,0,0,0,14,193,255,227,57,0,0,0,0,0,0,0,0,0,0,0,0,0,0,0,0,0,0,0,0,0,0,21,217,254,238,18,0,0,0,0,0,0,0,0,0,0,0,0,0,0,0,0,0,0,0,0,0,0,38,207,254,234,61,0,0,0,0,0,0,0,0,0,0,0,0,0,0,0,0,0,0,0,0,0,0,0,108,255,254,109,5,0,0,0,0,0,0,0,0,0,0,0,0,0,0,0,0,0,0,0,0,0,0,0,191,254,222,6,0,0,0,0,0,0,0,0,0,0,0,0,0,0,0,0,0,0,0,0,0,0,0,0,0,0,0,0,0,0,0,0,0,0,0,0,0,0,0,0,0,0,0,0
1,0,0,0,0,0,0,0,0,0,0,0,0,0,0,0,0,0,0,0,0,0,0,0,0,0,0,0,0,0,0,0,0,0,0,0,0,0,0,0,0,0,0,0,0,0,0,0,0,0,0,0,0,0,0,0,0,0,0,0,0,0,0,0,0,0,0,0,0,0,0,0,0,0,0,0,0,0,0,0,0,0,0,0,0,0,0,0,0,0,0,0,0,0,0,0,0,0,0,0,0,0,0,0,0,0,0,0,0,0,0,0,0,0,0,0,0,0,0,0,0,0,0,0,0,0,0,0,0,0,0,0,0,0,0,0,0,0,0,0,0,0,0,0,0,0,0,0,0,0,0,0,0,0,0,0,124,255,164,41,0,0,0,0,0,0,0,0,0,0,0,0,0,0,0,0,0,0,0,0,0,0,0,0,189,253,253,84,0,0,0,0,0,0,0,0,0,0,0,0,0,0,0,0,0,0,0,0,0,0,0,0,189,253,253,84,0,0,0,0,0,0,0,0,0,0,0,0,0,0,0,0,0,0,0,0,0,0,0,0,189,253,253,84,0,0,0,0,0,0,0,0,0,0,0,0,0,0,0,0,0,0,0,0,0,0,0,0,189,253,235,52,0,0,0,0,0,0,0,0,0,0,0,0,0,0,0,0,0,0,0,0,0,0,0,58,245,253,207,0,0,0,0,0,0,0,0,0,0,0,0,0,0,0,0,0,0,0,0,0,0,0,0,176,253,253,164,0,0,0,0,0,0,0,0,0,0,0,0,0,0,0,0,0,0,0,0,0,0,0,60,243,253,237,54,0,0,0,0,0,0,0,0,0,0,0,0,0,0,0,0,0,0,0,0,0,0,0,72,253,253,201,0,0,0,0,0,0,0,0,0,0,0,0,0,0,0,0,0,0,0,0,0,0,0,0,106,253,253,101,0,0,0,0,0,0,0,0,0,0,0,0,0,0,0,0,0,0,0,0,0,0,0,0,202,253,240,55,0,0,0,0,0,0,0,0,0,0,0,0,0,0,0,0,0,0,0,0,0,0,0,57,239,253,167,0,0,0,0,0,0,0,0,0,0,0,0,0,0,0,0,0,0,0,0,0,0,0,0,169,253,253,65,0,0,0,0,0,0,0,0,0,0,0,0,0,0,0,0,0,0,0,0,0,0,0,0,209,253,253,65,0,0,0,0,0,0,0,0,0,0,0,0,0,0,0,0,0,0,0,0,0,0,0,0,209,253,245,56,0,0,0,0,0,0,0,0,0,0,0,0,0,0,0,0,0,0,0,0,0,0,0,9,213,253,188,0,0,0,0,0,0,0,0,0,0,0,0,0,0,0,0,0,0,0,0,0,0,0,0,86,253,253,188,0,0,0,0,0,0,0,0,0,0,0,0,0,0,0,0,0,0,0,0,0,0,0,0,92,253,253,181,0,0,0,0,0,0,0,0,0,0,0,0,0,0,0,0,0,0,0,0,0,0,0,0,215,253,251,57,0,0,0,0,0,0,0,0,0,0,0,0,0,0,0,0,0,0,0,0,0,0,0,0,148,253,181,0,0,0,0,0,0,0,0,0,0,0,0,0,0,0,0,0,0,0,0,0,0,0,0,0,0,0,0,0,0,0,0,0,0,0,0,0,0,0,0,0,0,0,0,0,0,0,0,0,0,0,0,0,0,0,0,0,0,0,0,0,0,0,0,0,0,0,0,0,0,0,0,0,0,0,0,0,0,0,0,0,0,0,0,0,0,0,0,0,0,0,0,0,0,0,0,0,0
8,0,0,0,0,0,0,0,0,0,0,0,0,0,0,0,0,0,0,0,0,0,0,0,0,0,0,0,0,0,0,0,0,0,0,0,0,0,0,0,0,0,0,0,0,0,0,0,0,0,0,0,0,0,0,0,0,0,0,0,0,0,0,0,0,0,0,0,0,0,0,0,0,0,0,0,0,0,0,0,0,0,0,0,0,0,0,0,0,0,0,0,0,0,0,0,0,0,0,0,0,0,0,0,0,0,0,0,0,0,0,0,0,0,0,0,0,0,0,0,0,0,0,0,0,0,65,197,240,180,49,25,30,0,0,0,0,0,0,0,0,0,0,0,0,0,0,0,0,0,0,0,0,43,243,254,254,254,250,246,247,106,0,0,0,0,0,0,0,0,0,0,0,0,0,0,0,0,0,0,17,233,243,174,162,116,118,205,253,112,0,0,0,0,0,0,0,0,0,0,0,0,0,0,0,0,0,0,98,254,77,0,0,0,0,85,241,96,33,81,0,0,0,0,0,0,0,0,0,0,0,0,0,0,0,8,238,223,10,0,0,0,0,162,217,162,229,212,0,0,0,0,0,0,0,0,0,0,0,0,0,0,0,9,254,210,7,0,0,0,9,179,254,234,142,13,0,0,0,0,0,0,0,0,0,0,0,0,0,0,0,6,228,254,159,11,0,105,232,254,254,110,0,0,0,0,0,0,0,0,0,0,0,0,0,0,0,0,0,0,63,253,254,94,188,254,254,254,75,1,0,0,0,0,0,0,0,0,0,0,0,0,0,0,0,0,0,0,0,147,254,254,254,254,219,18,1,0,0,0,0,0,0,0,0,0,0,0,0,0,0,0,0,0,0,5,134,231,254,254,254,254,251,15,0,0,0,0,0,0,0,0,0,0,0,0,0,0,0,0,0,0,30,212,254,254,247,144,133,173,254,186,4,0,0,0,0,0,0,0,0,0,0,0,0,0,0,0,0,28,222,254,254,148,51,0,0,17,248,204,78,0,0,0,0,0,0,0,0,0,0,0,0,0,0,0,1,134,254,250,100,1,0,0,0,0,184,254,98,0,0,0,0,0,0,0,0,0,0,0,0,0,0,0,50,254,247,76,0,0,0,0,0,0,184,254,98,0,0,0,0,0,0,0,0,0,0,0,0,0,0,0,128,254,208,0,0,0,0,0,0,0,128,254,67,0,0,0,0,0,0,0,0,0,0,0,0,0,0,0,228,254,142,0,0,0,0,0,0,0,176,254,16,0,0,0,0,0,0,0,0,0,0,0,0,0,0,0,183,254,231,63,0,0,0,8,7,38,219,154,4,0,0,0,0,0,0,0,0,0,0,0,0,0,0,0,93,241,254,253,206,206,206,215,214,244,250,0,0,0,0,0,0,0,0,0,0,0,0,0,0,0,0,0,0,56,242,254,254,254,254,254,254,242,86,0,0,0,0,0,0,0,0,0,0,0,0,0,0,0,0,0,0,0,7,114,223,198,165,149,76,44,0,0,0,0,0,0,0,0,0,0,0,0,0,0,0,0,0,0,0,0,0,0,0,0,0,0,0,0,0,0,0,0,0,0,0,0,0,0,0,0,0,0,0,0,0,0,0,0,0,0,0,0,0,0,0,0,0,0,0,0,0,0,0,0,0,0,0,0,0,0,0,0,0,0,0,0,0,0,0,0,0,0,0,0,0,0,0,0,0,0,0,0,0,0,0,0,0,0,0,0,0,0,0,0,0,0,0,0,0,0,0,0,0,0,0,0,0,0,0,0,0,0,0
0,0,0,0,0,0,0,0,0,0,0,0,0,0,0,0,0,0,0,0,0,0,0,0,0,0,0,0,0,0,0,0,0,0,0,0,0,0,0,0,0,0,0,0,0,0,0,0,0,0,0,0,0,0,0,0,0,0,0,0,0,0,0,0,0,0,0,0,0,0,0,0,0,0,0,0,0,0,0,0,0,0,0,0,0,0,0,0,0,0,0,0,0,0,0,0,0,0,0,0,0,0,0,0,0,0,0,0,0,0,0,0,0,0,0,0,0,0,0,0,0,0,0,0,0,0,0,0,0,0,0,0,0,0,0,0,0,0,0,0,0,0,0,0,0,0,0,0,0,0,0,7,37,31,132,195,155,119,0,0,0,0,0,0,0,0,0,0,0,0,0,0,0,0,0,0,0,0,0,118,240,235,254,254,254,244,158,0,0,0,0,0,0,0,0,0,0,0,0,0,0,0,0,0,0,0,49,246,254,254,204,91,90,152,239,81,0,0,0,0,0,0,0,0,0,0,0,0,0,0,0,0,0,0,123,254,240,85,8,0,0,0,82,245,34,0,0,0,0,0,0,0,0,0,0,0,0,0,0,0,0,84,230,234,22,0,0,0,0,0,5,167,129,0,0,0,0,0,0,0,0,0,0,0,0,0,0,0,0,171,254,173,0,0,0,0,0,0,0,62,219,9,0,0,0,0,0,0,0,0,0,0,0,0,0,0,22,232,229,44,0,0,0,0,0,0,0,0,225,75,0,0,0,0,0,0,0,0,0,0,0,0,0,0,66,254,179,0,0,0,0,0,0,0,0,0,76,181,4,0,0,0,0,0,0,0,0,0,0,0,0,0,66,254,142,0,0,0,0,0,0,0,0,0,6,197,57,0,0,0,0,0,0,0,0,0,0,0,0,0,125,235,2,0,0,0,0,0,0,0,0,0,0,160,120,0,0,0,0,0,0,0,0,0,0,0,0,0,165,193,0,0,0,0,0,0,0,0,0,0,0,79,160,0,0,0,0,0,0,0,0,0,0,0,0,0,165,134,0,0,0,0,0,0,0,0,0,0,0,0,222,41,0,0,0,0,0,0,0,0,0,0,0,1,170,134,0,0,0,0,0,0,0,0,0,0,0,0,235,71,0,0,0,0,0,0,0,0,0,0,0,7,219,107,0,0,0,0,0,0,0,0,0,0,0,0,196,164,0,0,0,0,0,0,0,0,0,0,0,10,246,35,0,0,0,0,0,0,0,0,0,0,0,0,235,76,0,0,0,0,0,0,0,0,0,0,0,0,165,106,0,0,0,0,0,0,0,0,0,0,0,26,241,65,0,0,0,0,0,0,0,0,0,0,0,0,151,187,0,0,0,0,0,0,0,0,0,0,4,183,208,5,0,0,0,0,0,0,0,0,0,0,0,0,17,188,134,0,0,0,0,0,0,0,0,25,185,254,84,0,0,0,0,0,0,0,0,0,0,0,0,0,0,13,136,229,73,46,46,46,46,69,151,248,205,39,1,0,0,0,0,0,0,0,0,0,0,0,0,0,0,0,0,61,154,154,231,254,213,154,70,55,7,0,0,0,0,0,0,0,0,0,0,0,0,0,0,0,0,0,0,0,0,0,0,0,0,0,0,0,0,0,0,0,0,0,0,0,0,0,0,0,0,0,0,0,0,0,0,0,0,0,0,0,0,0,0,0,0,0,0,0,0,0,0,0,0,0,0,0,0,0,0,0,0,0,0,0,0,0,0,0,0,0,0,0,0,0,0,0,0,0,0,0,0
2,0,0,0,0,0,0,0,0,0,0,0,0,0,0,0,0,0,0,0,0,0,0,0,0,0,0,0,0,0,0,0,0,0,0,0,0,0,0,0,0,0,0,0,0,0,0,0,0,0,0,0,0,0,0,0,0,0,0,0,0,0,0,0,0,0,0,0,0,0,0,0,0,0,0,0,0,0,0,0,0,0,0,0,0,0,0,0,0,0,0,0,0,0,0,0,0,0,0,0,0,0,0,0,0,0,0,0,0,0,0,0,0,0,0,0,0,0,0,0,0,0,0,0,0,0,0,0,0,0,0,0,0,0,0,0,0,0,0,0,0,0,0,0,0,0,0,0,51,252,130,51,0,0,31,10,41,0,0,0,0,0,0,0,0,0,0,0,0,0,0,0,0,0,0,0,51,250,250,250,103,102,191,130,222,102,40,0,0,0,0,0,0,0,0,0,0,0,0,0,0,0,0,0,51,250,250,250,252,250,250,250,252,250,100,0,0,0,0,0,0,0,0,0,0,0,0,0,0,0,0,0,51,250,250,250,252,250,250,250,252,250,100,0,0,0,0,0,0,0,0,0,0,0,0,0,0,0,0,0,41,202,202,202,214,252,252,252,254,252,100,0,0,0,0,0,11,31,0,0,0,0,0,0,0,0,0,0,0,0,0,0,31,149,149,231,252,250,100,0,0,0,0,0,31,130,40,0,0,0,0,0,0,0,0,0,0,0,0,0,0,0,0,202,252,250,100,0,0,0,0,0,31,130,40,0,0,0,0,0,0,0,0,0,0,0,0,0,0,82,202,241,252,250,100,0,0,82,202,40,51,149,0,0,0,0,0,0,0,0,0,0,0,0,0,0,0,102,252,252,203,0,31,51,92,252,252,252,244,121,0,0,0,0,0,0,0,0,0,0,0,0,0,0,0,102,250,250,222,102,191,250,252,250,250,250,121,0,0,0,0,0,0,0,0,0,0,0,0,0,0,0,0,40,190,250,252,250,250,250,252,250,159,100,0,0,0,0,0,0,0,0,0,0,0,0,0,0,0,0,0,82,231,250,252,250,250,250,252,169,20,0,0,0,0,0,0,0,0,0,0,0,0,0,0,0,0,41,92,252,252,252,254,252,252,49,0,0,0,0,0,0,0,0,0,0,0,0,0,0,0,0,0,41,102,221,252,250,250,250,252,250,189,29,0,0,0,0,0,0,0,0,0,0,0,0,0,0,0,0,31,191,250,250,252,250,250,250,252,189,40,0,0,0,0,0,0,0,0,0,0,0,0,0,0,0,0,0,51,250,250,250,252,250,250,250,212,29,0,0,0,0,0,0,0,0,0,0,0,0,0,0,0,0,0,0,51,252,252,252,255,252,252,49,0,0,0,0,0,0,0,0,0,0,0,0,0,0,0,0,0,0,0,0,51,250,250,250,232,149,149,29,0,0,0,0,0,0,0,0,0,0,0,0,0,0,0,0,0,0,0,0,51,250,250,250,80,0,0,0,0,0,0,0,0,0,0,0,0,0,0,0,0,0,0,0,0,0,0,0,51,250,250,250,163,0,0,0,0,0,0,0,0,0,0,0,0,0,0,0,0,0,0,0,0,0,0,0,0,0,0,0,0,0,0,0,0,0,0,0,0,0,0,0,0,0,0,0,0,0,0,0,0,0,0,0,0,0,0,0,0,0,0,0,0,0,0,0,0,0,0,0,0,0,0,0,0,0,0,0,0,0,0,0,0,0,0,0,0,0,0,0,0,0,0,0,0,0,0,0,0,0,0,0,0
2,0,0,0,0,0,0,0,0,0,0,0,0,0,0,0,0,0,0,0,0,0,0,0,0,0,0,0,0,0,0,0,0,0,0,0,0,0,0,0,0,0,0,0,0,0,0,0,0,0,0,0,0,0,0,0,0,0,0,0,0,0,0,0,0,0,0,0,0,0,0,0,0,0,0,0,0,0,0,0,0,0,0,0,0,0,0,0,0,0,0,0,0,0,0,0,0,0,0,0,0,0,0,0,0,0,0,0,0,0,0,0,0,0,0,0,0,0,0,0,0,23,120,151,254,254,255,231,146,91,13,0,0,0,0,0,0,0,0,0,0,0,0,0,0,0,0,0,37,226,253,253,253,253,253,253,253,253,164,0,0,0,0,0,0,0,0,0,0,0,0,0,0,0,0,0,208,253,253,249,181,139,146,248,252,253,246,180,7,0,0,0,0,0,0,0,0,0,0,0,0,0,0,0,222,253,219,15,0,0,0,0,81,226,253,253,183,0,0,0,0,0,0,0,0,0,0,0,0,0,0,0,107,253,227,18,0,0,0,0,0,43,226,253,247,61,0,0,0,0,0,0,0,0,0,0,0,0,0,0,1,27,18,0,0,0,0,0,0,0,118,253,253,81,0,0,0,0,0,0,0,0,0,0,0,0,0,0,0,0,0,0,0,0,0,0,0,0,23,224,253,102,0,0,0,0,0,0,0,0,0,0,0,0,0,0,0,0,0,0,0,0,0,0,0,0,0,206,253,188,0,0,0,0,0,0,0,0,0,0,0,0,0,0,0,0,0,0,0,0,0,0,0,0,0,206,253,188,0,0,0,0,0,0,0,0,0,0,0,0,0,0,0,0,0,0,0,0,0,0,0,0,0,206,253,165,0,0,0,0,0,0,0,0,0,0,0,0,0,0,81,157,200,200,200,200,200,200,200,145,118,243,253,81,0,0,0,0,0,0,0,0,0,0,0,0,4,132,252,253,253,252,245,253,243,232,232,252,253,253,253,141,13,0,0,0,0,0,0,0,0,0,0,0,38,253,253,253,209,94,54,86,44,0,0,121,253,253,253,253,219,54,0,0,0,0,0,0,0,0,0,0,127,253,253,130,13,0,0,0,0,0,78,224,253,253,253,253,253,233,29,0,0,0,0,0,0,0,0,0,39,246,253,229,135,85,28,28,81,158,251,253,253,190,26,192,249,253,216,20,0,0,0,0,0,0,0,0,0,156,253,253,253,253,253,253,253,253,253,253,185,16,0,0,111,252,253,37,0,0,0,0,0,0,0,0,0,13,92,212,253,253,253,253,253,253,216,96,15,0,0,0,0,159,253,37,0,0,0,0,0,0,0,0,0,0,0,22,113,113,113,113,113,90,3,0,0,0,0,0,0,201,253,37,0,0,0,0,0,0,0,0,0,0,0,0,0,0,0,0,0,0,0,0,0,0,0,0,73,252,253,37,0,0,0,0,0,0,0,0,0,0,0,0,0,0,0,0,0,0,0,0,0,0,0,0,15,203,223,22,0,0,0,0,0,0,0,0,0,0,0,0,0,0,0,0,0,0,0,0,0,0,0,0,0,0,0,0,0,0,0,0,0,0,0,0,0,0,0,0,0,0,0,0,0,0,0,0,0,0,0,0,0,0,0,0,0,0,0,0,0,0,0,0,0,0,0,0,0,0,0,0,0,0,0,0,0,0,0,0,0,0,0,0,0,0,0,0,0,0,0,0,0,0,0,0,0,0,0,0,0,0,0,0,0,0,0,0,0,0,0,0,0,0,0
0,0,0,0,0,0,0,0,0,0,0,0,0,0,0,0,0,0,0,0,0,0,0,0,0,0,0,0,0,0,0,0,0,0,0,0,0,0,0,0,0,0,0,0,0,0,0,0,0,0,0,0,0,0,0,0,0,0,0,0,0,0,0,0,0,0,0,0,0,0,0,0,0,0,0,0,0,0,0,0,0,0,0,0,0,0,0,0,0,0,0,0,0,0,0,0,0,0,0,0,0,0,0,0,0,0,0,0,0,0,0,0,0,0,0,0,0,0,0,0,0,0,0,0,0,0,0,0,0,0,0,0,0,0,0,0,0,0,0,0,0,0,0,0,0,0,0,0,0,0,0,0,0,0,0,0,0,0,0,0,0,0,0,0,0,0,0,0,0,0,0,0,0,0,0,0,0,0,0,0,0,0,0,0,0,0,29,57,86,57,0,0,0,0,0,0,0,0,0,0,0,0,0,0,0,0,0,0,0,0,0,0,29,198,255,255,255,255,255,86,0,0,0,0,0,0,0,0,0,0,0,0,0,0,0,0,0,0,57,198,255,255,255,255,255,255,255,170,0,0,0,0,0,0,0,0,0,0,0,0,0,0,0,0,29,141,255,255,255,226,141,86,114,226,255,255,0,0,0,0,0,0,0,0,0,0,0,0,0,0,0,114,255,255,255,226,86,0,0,0,0,0,114,255,0,0,0,0,0,0,0,0,0,0,0,0,0,0,170,255,255,226,86,0,0,0,0,0,0,0,114,255,0,0,0,0,0,0,0,0,0,0,0,0,0,170,255,255,226,29,0,0,0,0,0,0,0,0,114,255,0,0,0,0,0,0,0,0,0,0,0,0,57,255,255,198,0,0,0,0,0,0,0,0,0,0,198,198,0,0,0,0,0,0,0,0,0,0,0,29,226,255,255,170,0,0,0,0,0,0,0,0,0,57,255,170,0,0,0,0,0,0,0,0,0,0,29,114,141,226,170,170,57,0,0,0,0,0,0,0,0,114,255,86,0,0,0,0,0,0,0,0,0,0,141,255,170,0,0,0,0,0,0,0,0,0,0,0,57,255,114,0,0,0,0,0,0,0,0,0,0,141,255,198,0,0,0,0,0,0,0,0,0,0,0,0,114,198,0,0,0,0,0,0,0,0,0,0,114,255,226,29,0,0,0,0,0,0,0,0,0,0,29,114,255,170,0,0,0,0,0,0,0,0,0,0,141,226,29,0,0,0,0,0,0,0,0,0,0,29,226,255,226,29,0,0,0,0,0,0,0,0,0,0,255,141,0,0,0,0,0,0,0,0,0,0,86,198,255,226,29,0,0,0,0,0,0,0,0,0,0,0,255,29,0,0,0,0,0,0,0,0,0,57,255,226,114,0,0,0,0,0,0,0,0,0,0,0,0,0,255,226,29,29,0,0,0,0,29,114,141,255,170,29,0,0,0,0,0,0,0,0,0,0,0,0,0,0,0,0,0,0,0,0,0,0,29,86,57,0,0,0,0,0,0,0,0,0,0,0,0,0,0,0,0,0,0,0,0,0,0,0,0,0,0,0,0,0,0,0,0,0,0,0,0,0,0,0,0,0,0,0,0,0,0,0,0,0,0,0,0,0,0,0,0,0,0,0,0,0,0,0,0,0,0,0,0,0,0,0,0,0,0,0,0,0,0,0,0,0,0,0,0,0,0,0,0,0,0,0,0,0,0,0,0,0,0,0,0,0,0,0,0,0,0,0,0,0,0,0,0,0,0,0,0,0,0,0,0,0,0,0,0,0,0
